[{"title": "Covid: Pfizer and AstraZeneca jabs effective against Indian variant - study", "description": "They are effective against symptomatic disease but protection is low after only one dose, a study says.", "link": "https://www.bbc.co.uk/news/uk-57214596", "guid": {"@isPermaLink": "true", "#text": "https://www.bbc.co.uk/news/uk-57214596"}, "pubDate": "Sat, 22 May 2021 21:35:18 GMT"}, {"title": "Glastonbury: Emily Eavis says she is 'so sorry' after technical issues derail live-stream", "description": "After thousands are locked out of the virtual concert, organisers make it freely available online.", "link": "https://www.bbc.co.uk/news/entertainment-arts-57215629", "guid": {"@isPermaLink": "true", "#text": "https://www.bbc.co.uk/news/entertainment-arts-57215629"}, "pubDate": "Sat, 22 May 2021 20:31:39 GMT"}, {"title": "Diana interview: Lord Hall resigns from National Gallery", "description": "The ex-BBC director general says continuing as National Gallery chairman would be a \"distraction\".", "link": "https://www.bbc.co.uk/news/uk-57212959", "guid": {"@isPermaLink": "true", "#text": "https://www.bbc.co.uk/news/uk-57212959"}, "pubDate": "Sat, 22 May 2021 14:45:35 GMT"}, {"title": "Israel-Palestinian conflict: Eyes on peace options as Gaza truce holds", "description": "Mediators try to cement the truce, as Israel and Palestinian militants take stock of an 11-day conflict.", "link": "https://www.bbc.co.uk/news/world-middle-east-57213054", "guid": {"@isPermaLink": "true", "#text": "https://www.bbc.co.uk/news/world-middle-east-57213054"}, "pubDate": "Sat, 22 May 2021 19:08:16 GMT"}, {"title": "Mount Nyiragongo: DR Congo plans to evacuate city as volcano erupts", "description": "Residents of Goma flee to safety as nearby Mount Nyiragongo throws huge lava fountains into the air.", "link": "https://www.bbc.co.uk/news/world-africa-57215690", "guid": {"@isPermaLink": "true", "#text": "https://www.bbc.co.uk/news/world-africa-57215690"}, "pubDate": "Sat, 22 May 2021 21:23:40 GMT"}, {"title": "Princess Latifa: Dubai photo appears to show missing woman", "description": "The Emirati princess has been imprisoned in Dubai since she tried to escape in 2018.", "link": "https://www.bbc.co.uk/news/world-middle-east-57204775", "guid": {"@isPermaLink": "true", "#text": "https://www.bbc.co.uk/news/world-middle-east-57204775"}, "pubDate": "Sat, 22 May 2021 20:30:25 GMT"}, {"title": "Virgin Galactic rocket plane flies to edge of space", "description": "Sir Richard Branson's spaceplane completes the first of three key test flights above New Mexico.", "link": "https://www.bbc.co.uk/news/science-environment-57214988", "guid": {"@isPermaLink": "true", "#text": "https://www.bbc.co.uk/news/science-environment-57214988"}, "pubDate": "Sat, 22 May 2021 16:54:44 GMT"}, {"title": "Prince William: Scotland holds my happiest and saddest memories", "description": "The Duke of Cambridge says his connection with the country \"will forever run deep\" in a speech.", "link": "https://www.bbc.co.uk/news/uk-57213025", "guid": {"@isPermaLink": "true", "#text": "https://www.bbc.co.uk/news/uk-57213025"}, "pubDate": "Sat, 22 May 2021 16:32:06 GMT"}, {"title": "Myanmar coup: Junta head claims Aung San Suu Kyi 'in good health'", "description": "Min Aung Hlaing makes the claim in his first interview since seizing power in February.", "link": "https://www.bbc.co.uk/news/world-asia-57212534", "guid": {"@isPermaLink": "true", "#text": "https://www.bbc.co.uk/news/world-asia-57212534"}, "pubDate": "Sat, 22 May 2021 13:16:31 GMT"}, {"title": "Mayhill: Four arrests after Swansea disorder", "description": "Three men and a 16-year-old boy have been arrested on suspicion of unlawful violence.", "link": "https://www.bbc.co.uk/news/uk-wales-57214005", "guid": {"@isPermaLink": "true", "#text": "https://www.bbc.co.uk/news/uk-wales-57214005"}, "pubDate": "Sat, 22 May 2021 15:41:13 GMT"}, {"title": "Covid: India tells social media firms to remove 'India variant' from content", "description": "Platforms are told to take down all content that refers to an \"Indian variant\" of the coronavirus.", "link": "https://www.bbc.co.uk/news/world-asia-india-57213046", "guid": {"@isPermaLink": "true", "#text": "https://www.bbc.co.uk/news/world-asia-india-57213046"}, "pubDate": "Sat, 22 May 2021 15:51:17 GMT"}, {"title": "Covid vaccination certificates hit by security glitch", "description": "The flaw could allow people to edit personal details on vaccination status certificates after downloading them.", "link": "https://www.bbc.co.uk/news/uk-scotland-57208607", "guid": {"@isPermaLink": "true", "#text": "https://www.bbc.co.uk/news/uk-scotland-57208607"}, "pubDate": "Sat, 22 May 2021 17:49:12 GMT"}, {"title": "HMS Queen Elizabeth: The Queen tours Royal Navy flagship", "description": "The Queen has been visiting the Royal Navy flagship, HMS Queen Elizabeth, in Portsmouth.", "link": "https://www.bbc.co.uk/news/uk-57214467", "guid": {"@isPermaLink": "true", "#text": "https://www.bbc.co.uk/news/uk-57214467"}, "pubDate": "Sat, 22 May 2021 15:32:10 GMT"}, {"title": "China's Zhurong rover takes first drive on Mars", "description": "China is now the second country after the US to operate a rover on the Red Planet.", "link": "https://www.bbc.co.uk/news/world-asia-china-57211001", "guid": {"@isPermaLink": "true", "#text": "https://www.bbc.co.uk/news/world-asia-china-57211001"}, "pubDate": "Sat, 22 May 2021 12:21:37 GMT"}, {"title": "Five decades of Eurovision songs... from memory", "description": "The BBC's Steve Rosenberg returns to delight you with his piano renditions and encyclopaedic knowledge of the Eurovision Song Contest.", "link": "https://www.bbc.co.uk/news/world-middle-east-57206431", "guid": {"@isPermaLink": "true", "#text": "https://www.bbc.co.uk/news/world-middle-east-57206431"}, "pubDate": "Fri, 21 May 2021 21:18:45 GMT"}, {"title": "Week in pictures: 15 - 21 May 2021", "description": "A selection of powerful images taken around the world this week.", "link": "https://www.bbc.co.uk/news/in-pictures-57173186", "guid": {"@isPermaLink": "true", "#text": "https://www.bbc.co.uk/news/in-pictures-57173186"}, "pubDate": "Sat, 22 May 2021 09:00:34 GMT"}, {"title": "Covid: Out in Brighton on the first Friday night after rules ease", "description": "\"Life is meant for living and we are living it,\" says one woman, as people enjoy indoor pubs and restaurants.", "link": "https://www.bbc.co.uk/news/business-57209445", "guid": {"@isPermaLink": "true", "#text": "https://www.bbc.co.uk/news/business-57209445"}, "pubDate": "Sat, 22 May 2021 00:01:49 GMT"}, {"title": "Over 3,000 fans will attend the final of this year's Eurovision Song Contest", "description": "After being cancelled and replaced by an online 'event' last year, the competition is back on and welcoming over 3,000 fans to the live show.", "link": "https://www.bbc.co.uk/news/entertainment-arts-57203121", "guid": {"@isPermaLink": "true", "#text": "https://www.bbc.co.uk/news/entertainment-arts-57203121"}, "pubDate": "Fri, 21 May 2021 23:03:40 GMT"}, {"title": "Amazon in pictures: Sebasti\u00e3o Salgado's last frontier", "description": "Photographer Sebasti\u00e3o Salgado captured images of the Amazon's forest, rivers, and tribes.", "link": "https://www.bbc.co.uk/news/in-pictures-57162597", "guid": {"@isPermaLink": "true", "#text": "https://www.bbc.co.uk/news/in-pictures-57162597"}, "pubDate": "Fri, 21 May 2021 23:51:26 GMT"}, {"title": "Water so toxic 'it could burn your eyes'", "description": "Martin Patience gets to the source of Lebanon's water crisis.", "link": "https://www.bbc.co.uk/news/world-middle-east-57203120", "guid": {"@isPermaLink": "true", "#text": "https://www.bbc.co.uk/news/world-middle-east-57203120"}, "pubDate": "Fri, 21 May 2021 23:01:37 GMT"}, {"title": "Covid Vaccines: Could they be magnetic?", "description": "Videos of people sticking magnets to their arms where they claim they\u2019ve had the Covid vaccine have gone viral. We debunk this so-called magnet challenge.", "link": "https://www.bbc.co.uk/news/57207134", "guid": {"@isPermaLink": "true", "#text": "https://www.bbc.co.uk/news/57207134"}, "pubDate": "Fri, 21 May 2021 23:03:32 GMT"}, {"title": "Friends reunion to air in UK and Ireland on Sky", "description": "The long-awaited follow-up to the popular US sitcom will feature all six of its original stars.", "link": "https://www.bbc.co.uk/news/entertainment-arts-57206349", "guid": {"@isPermaLink": "true", "#text": "https://www.bbc.co.uk/news/entertainment-arts-57206349"}, "pubDate": "Fri, 21 May 2021 15:49:30 GMT"}, {"title": "George Floyd death: How US police are trying to win back trust", "description": "A year after George Floyd's death, it's not just civilians who'll be reflecting on what happened.", "link": "https://www.bbc.co.uk/news/world-us-canada-57205015", "guid": {"@isPermaLink": "true", "#text": "https://www.bbc.co.uk/news/world-us-canada-57205015"}, "pubDate": "Fri, 21 May 2021 20:56:00 GMT"}, {"title": "The 10-year-old boy who beat a chess grandmaster - but didn't want to boast", "description": "Frederick Waldhausen Gordon is just 10 years old and has already defeated a chess grandmaster.", "link": "https://www.bbc.co.uk/news/uk-scotland-edinburgh-east-fife-57187522", "guid": {"@isPermaLink": "true", "#text": "https://www.bbc.co.uk/news/uk-scotland-edinburgh-east-fife-57187522"}, "pubDate": "Sat, 22 May 2021 08:02:48 GMT"}, {"title": "'A meme that almost made me quit my family WhatsApp group'", "description": "Some Indians are sharing dark humour memes inspired by the pandemic - and occasionally offending cousins in the diaspora.", "link": "https://www.bbc.co.uk/news/stories-57165541", "guid": {"@isPermaLink": "true", "#text": "https://www.bbc.co.uk/news/stories-57165541"}, "pubDate": "Sat, 22 May 2021 00:23:51 GMT"}, {"title": "George Best: How Man Utd legend left for Dunstable Town", "description": "George Best was still only 28. A mercurial genius when on song for Manchester United, his next move was to Dunstable Town.", "link": "https://www.bbc.co.uk/sport/football/57087331", "guid": {"@isPermaLink": "true", "#text": "https://www.bbc.co.uk/sport/football/57087331"}, "pubDate": "Fri, 21 May 2021 23:01:10 GMT"}, {"title": "Myanmar: The small embattled town that stood up to the army", "description": "Mindat put up tenacious resistance to the Burmese army but is now in desperate need of help.", "link": "https://www.bbc.co.uk/news/world-asia-57197081", "guid": {"@isPermaLink": "true", "#text": "https://www.bbc.co.uk/news/world-asia-57197081"}, "pubDate": "Sat, 22 May 2021 00:28:55 GMT"}, {"title": "Timeline: Martin Bashir's actions from Diana interview to Dyson report", "description": "An inquiry into Martin Bashir\u2019s interview with Princess Diana in 1995 concludes that he acted in a \u201cdeceitful\u201d way.", "link": "https://www.bbc.co.uk/news/explainers-57206500", "guid": {"@isPermaLink": "true", "#text": "https://www.bbc.co.uk/news/explainers-57206500"}, "pubDate": "Fri, 21 May 2021 15:57:59 GMT"}, {"title": "Israel-Gaza: The ceasefire deal between Israel and Hamas", "description": "What do we know about the ceasefire agreement between Israel and Hamas, and will it last?", "link": "https://www.bbc.co.uk/news/57200843", "guid": {"@isPermaLink": "true", "#text": "https://www.bbc.co.uk/news/57200843"}, "pubDate": "Fri, 21 May 2021 15:16:57 GMT"}, {"title": "What's next for BBC after Diana report?", "description": "How will fallout from the the Martin Bashir inquiry affect the BBC's future?", "link": "https://www.bbc.co.uk/news/uk-57202578", "guid": {"@isPermaLink": "true", "#text": "https://www.bbc.co.uk/news/uk-57202578"}, "pubDate": "Fri, 21 May 2021 13:29:48 GMT"}, {"title": "HMS Queen Elizabeth: Why is a UK aircraft carrier going on a world tour?", "description": "HMS Queen Elizabeth is about to travel 26,000 miles - but is it more than a flag-waving exercise?", "link": "https://www.bbc.co.uk/news/uk-57195317", "guid": {"@isPermaLink": "true", "#text": "https://www.bbc.co.uk/news/uk-57195317"}, "pubDate": "Fri, 21 May 2021 14:56:37 GMT"}, {"title": "Severely ill - and still made to quarantine in a hotel", "description": "The law says some severely ill are exempt from hotel quarantine - but they don't always get a choice.", "link": "https://www.bbc.co.uk/news/stories-57162187", "guid": {"@isPermaLink": "true", "#text": "https://www.bbc.co.uk/news/stories-57162187"}, "pubDate": "Thu, 20 May 2021 23:55:10 GMT"}, {"title": "Olivia Rodrigo has become pop's brightest new star - here's how", "description": "She seemingly arrived from nowhere, but the Drivers License singer has been preparing for this all her life.", "link": "https://www.bbc.co.uk/news/entertainment-arts-57174471", "guid": {"@isPermaLink": "true", "#text": "https://www.bbc.co.uk/news/entertainment-arts-57174471"}, "pubDate": "Thu, 20 May 2021 23:47:57 GMT"}, {"title": "St Johnstone beat Hibernian to complete cup double - report & highlights", "description": "St Johnstone edge Hibernian to lift the Scottish Cup for a second time and complete a domestic cup double in the greatest season in the club's history.", "link": "https://www.bbc.co.uk/sport/football/57125203", "guid": {"@isPermaLink": "true", "#text": "https://www.bbc.co.uk/sport/football/57125203"}, "pubDate": "Sat, 22 May 2021 14:52:09 GMT"}, {"title": "Suarez scores winner as Atletico fight back to beat Real to La Liga title - report & highlights", "description": "Atletico Madrid edge city rivals Real Madrid to the La Liga title in dramatic fashion by coming from behind to beat Real Valladolid in the final game.", "link": "https://www.bbc.co.uk/sport/football/57214133", "guid": {"@isPermaLink": "true", "#text": "https://www.bbc.co.uk/sport/football/57214133"}, "pubDate": "Sat, 22 May 2021 20:07:17 GMT"}, {"title": "Leclerc crash not the only drama around intriguing Monaco", "description": "Charles Leclerc's home pole is refreshing in an already intriguing season - as is Lewis Hamilton's search for answers from his own team.", "link": "https://www.bbc.co.uk/sport/formula1/57212863", "guid": {"@isPermaLink": "true", "#text": "https://www.bbc.co.uk/sport/formula1/57212863"}, "pubDate": "Sat, 22 May 2021 20:23:20 GMT"}, {"title": "'I don't want to sound arrogant but that was outstanding' - Peaty wins third European gold", "description": "Olympic champion Adam Peaty wins his third European title of the week with 50m breaststroke gold in Budapest.", "link": "https://www.bbc.co.uk/sport/swimming/57215029", "guid": {"@isPermaLink": "true", "#text": "https://www.bbc.co.uk/sport/swimming/57215029"}, "pubDate": "Sat, 22 May 2021 18:42:34 GMT"}, {"title": "Toulouse edge out 14-man La Rochelle to claim record fifth European title", "description": "Toulouse claim the European Champions Cup for a record fifth time with a 22-17 win against 14-man La Rochelle at Twickenham.", "link": "https://www.bbc.co.uk/sport/rugby-union/57214852", "guid": {"@isPermaLink": "true", "#text": "https://www.bbc.co.uk/sport/rugby-union/57214852"}, "pubDate": "Sat, 22 May 2021 18:57:58 GMT"}, {"title": "Swansea hold off Barnsley to set up play-off final against Brentford", "description": "Swansea City will battle Brentford for a place in the Premier League after a tense 1-1 draw with Barnsley gives them a 2-1 aggregate victory in the Championship play-off semi-final.", "link": "https://www.bbc.co.uk/sport/football/57125182", "guid": {"@isPermaLink": "true", "#text": "https://www.bbc.co.uk/sport/football/57125182"}, "pubDate": "Sat, 22 May 2021 21:09:14 GMT"}, {"title": "What are the rules for weddings and can I hold a reception?", "description": "Restrictions on weddings have been eased across the UK - so how can you now celebrate?", "link": "https://www.bbc.co.uk/news/explainers-52811509", "guid": {"@isPermaLink": "true", "#text": "https://www.bbc.co.uk/news/explainers-52811509"}, "pubDate": "Fri, 21 May 2021 15:23:58 GMT"}, {"title": "Covid: How should I protect myself from Covid now?", "description": "What are the actions we can take to reduce our risk of catching the virus?", "link": "https://www.bbc.co.uk/news/health-57087517", "guid": {"@isPermaLink": "true", "#text": "https://www.bbc.co.uk/news/health-57087517"}, "pubDate": "Fri, 21 May 2021 16:15:31 GMT"}, {"title": "Covid map: Coronavirus cases, deaths, vaccinations by country", "description": "Key maps and charts explaining how the virus has spread around the world.", "link": "https://www.bbc.co.uk/news/world-51235105", "guid": {"@isPermaLink": "true", "#text": "https://www.bbc.co.uk/news/world-51235105"}, "pubDate": "Fri, 21 May 2021 11:55:07 GMT"}, {"title": "UK holidays: When and where can I go.... and who with?", "description": "The rules on having a holiday in the UK have been relaxed - but restrictions remain.", "link": "https://www.bbc.co.uk/news/explainers-52646738", "guid": {"@isPermaLink": "true", "#text": "https://www.bbc.co.uk/news/explainers-52646738"}, "pubDate": "Fri, 21 May 2021 12:18:36 GMT"}, {"title": "Covid: What's the roadmap for lifting lockdown?", "description": "Lockdown restrictions will ease in Northern Ireland, following rule changes in England, Scotland and Wales", "link": "https://www.bbc.co.uk/news/explainers-52530518", "guid": {"@isPermaLink": "true", "#text": "https://www.bbc.co.uk/news/explainers-52530518"}, "pubDate": "Fri, 21 May 2021 11:48:48 GMT"}, {"title": "What are the rules for travelling to green, amber and red list countries?", "description": "Foreign holidays are now possible, but travellers must follow strict rules on their return.", "link": "https://www.bbc.co.uk/news/explainers-52544307", "guid": {"@isPermaLink": "true", "#text": "https://www.bbc.co.uk/news/explainers-52544307"}, "pubDate": "Fri, 21 May 2021 16:49:30 GMT"}, {"title": "Restaurants and pubs are reopening inside, but what are the rules?", "description": "Pubs have reopened inside, but there are still Covid rules for customers to follow.", "link": "https://www.bbc.co.uk/news/business-52977388", "guid": {"@isPermaLink": "true", "#text": "https://www.bbc.co.uk/news/business-52977388"}, "pubDate": "Fri, 21 May 2021 12:10:15 GMT"}, {"title": "Covid-19 in the UK: How many coronavirus cases are there in your area?", "description": "Explore the data on coronavirus in the UK and find out how many cases there are in your area.", "link": "https://www.bbc.co.uk/news/uk-51768274", "guid": {"@isPermaLink": "true", "#text": "https://www.bbc.co.uk/news/uk-51768274"}, "pubDate": "Sat, 22 May 2021 15:52:09 GMT"}, {"title": "Covid vaccine: How many people in the UK have been vaccinated so far?", "description": "The logistics of vaccinating millions of people across the country, as more than 37 million people receive at least one dose.", "link": "https://www.bbc.co.uk/news/health-55274833", "guid": {"@isPermaLink": "true", "#text": "https://www.bbc.co.uk/news/health-55274833"}, "pubDate": "Thu, 20 May 2021 16:16:35 GMT"}, {"title": "Lockdown easing: Virus experts tell us what they will (and won't) be doing", "description": "How will scientists use their new-found freedoms when Covid restrictions are eased on Monday?", "link": "https://www.bbc.co.uk/news/uk-57069293", "guid": {"@isPermaLink": "true", "#text": "https://www.bbc.co.uk/news/uk-57069293"}, "pubDate": "Sat, 15 May 2021 23:00:38 GMT"}, {"title": "Covid: When will I get the vaccine?", "description": "People in their 20s and 30s are now being offered a Covid vaccine as the UK rollout continues.", "link": "https://www.bbc.co.uk/news/health-55045639", "guid": {"@isPermaLink": "true", "#text": "https://www.bbc.co.uk/news/health-55045639"}, "pubDate": "Thu, 20 May 2021 09:24:43 GMT"}, {"title": "Covid: How do I get a lateral flow or PCR test?", "description": "Everyone in England and Scotland is being encouraged to take rapid coronavirus tests regularly.", "link": "https://www.bbc.co.uk/news/health-51943612", "guid": {"@isPermaLink": "true", "#text": "https://www.bbc.co.uk/news/health-51943612"}, "pubDate": "Wed, 19 May 2021 14:06:38 GMT"}, {"title": "Covid inquiry: What is it and how will it work?", "description": "An independent public inquiry has been announced, but how will it work?", "link": "https://www.bbc.co.uk/news/explainers-57085964", "guid": {"@isPermaLink": "true", "#text": "https://www.bbc.co.uk/news/explainers-57085964"}, "pubDate": "Wed, 12 May 2021 15:04:14 GMT"}, {"title": "Can two households travel in one car? And other questions", "description": "We answer some of your questions about England's roadmap out of lockdown, and other Covid-related issues.", "link": "https://www.bbc.co.uk/news/world-asia-china-51176409", "guid": {"@isPermaLink": "true", "#text": "https://www.bbc.co.uk/news/world-asia-china-51176409"}, "pubDate": "Tue, 18 May 2021 13:47:35 GMT"}, {"title": "Covid-19 vaccines: Why some African states can't use their vaccines", "description": "African countries have struggled to get vaccines, but some now plan to throw away thousands of doses.", "link": "https://www.bbc.co.uk/news/56940657", "guid": {"@isPermaLink": "true", "#text": "https://www.bbc.co.uk/news/56940657"}, "pubDate": "Wed, 19 May 2021 11:56:30 GMT"}, {"title": "Covid Indian variant: Where is it, how does it spread and is it more infectious?", "description": "B.1.617.2 is dominant in some parts of the country - but it doesn't have to be cause for panic yet.", "link": "https://www.bbc.co.uk/news/health-57157496", "guid": {"@isPermaLink": "true", "#text": "https://www.bbc.co.uk/news/health-57157496"}, "pubDate": "Wed, 19 May 2021 00:05:21 GMT"}, {"title": "Lockdown rules: What are the restrictions in your area?", "description": "Use our search tool to find out about coronavirus rules and restrictions where you live.", "link": "https://www.bbc.co.uk/news/uk-54373904", "guid": {"@isPermaLink": "true", "#text": "https://www.bbc.co.uk/news/uk-54373904"}, "pubDate": "Fri, 21 May 2021 16:29:33 GMT"}, {"title": "Coronavirus: When can we stop wearing face masks or face coverings?", "description": "Rules are relaxing, but masks are still needed in some settings - here's where and why.", "link": "https://www.bbc.co.uk/news/health-51205344", "guid": {"@isPermaLink": "true", "#text": "https://www.bbc.co.uk/news/health-51205344"}, "pubDate": "Mon, 17 May 2021 14:52:18 GMT"}, {"title": "Covid: Which areas are being mass tested for variants?", "description": "People who live, work or travel in various parts of the UK are being urged to get a Covid test.", "link": "https://www.bbc.co.uk/news/explainers-54872039", "guid": {"@isPermaLink": "true", "#text": "https://www.bbc.co.uk/news/explainers-54872039"}, "pubDate": "Wed, 19 May 2021 10:11:46 GMT"}, {"title": "What are the India, Brazil, South Africa and UK variants?", "description": "In some parts of the UK coronavirus cases are rising due to a variant from India that spreads more easily.", "link": "https://www.bbc.co.uk/news/health-55659820", "guid": {"@isPermaLink": "true", "#text": "https://www.bbc.co.uk/news/health-55659820"}, "pubDate": "Sun, 16 May 2021 18:19:55 GMT"}, {"title": "Covid: What refund rights are there for holidays abroad?", "description": "Quarantine-free overseas holidays will be possible after 17 May, but what rights do you have if plans or rules change?", "link": "https://www.bbc.co.uk/news/business-51615412", "guid": {"@isPermaLink": "true", "#text": "https://www.bbc.co.uk/news/business-51615412"}, "pubDate": "Mon, 17 May 2021 13:30:04 GMT"}, {"title": "Covid-19: Five ways to make hugging safer, from the experts", "description": "Millions of people will be able to hug loved ones again from Monday. But can you minimise the risk?", "link": "https://www.bbc.co.uk/news/uk-57083571", "guid": {"@isPermaLink": "true", "#text": "https://www.bbc.co.uk/news/uk-57083571"}, "pubDate": "Fri, 14 May 2021 00:58:53 GMT"}, {"title": "India variant: Why was India not put on the red list sooner?", "description": "India was put on the travel ban list two weeks after Pakistan and Bangladesh.", "link": "https://www.bbc.co.uk/news/56801288", "guid": {"@isPermaLink": "true", "#text": "https://www.bbc.co.uk/news/56801288"}, "pubDate": "Wed, 19 May 2021 16:00:36 GMT"}, {"title": "Indian variant: What's causing the spike in Bolton?", "description": "The town has seen a sharp spike in Covid cases - driven by the emergence of the Indian variant.", "link": "https://www.bbc.co.uk/news/health-57094274", "guid": {"@isPermaLink": "true", "#text": "https://www.bbc.co.uk/news/health-57094274"}, "pubDate": "Fri, 14 May 2021 00:08:55 GMT"}, {"title": "Covid: Should I be working from home or going back to the office?", "description": "As lockdown restrictions ease gradually across the UK, what are the rules about returning to work?", "link": "https://www.bbc.co.uk/news/business-52567567", "guid": {"@isPermaLink": "true", "#text": "https://www.bbc.co.uk/news/business-52567567"}, "pubDate": "Wed, 05 May 2021 16:13:36 GMT"}, {"title": "Covid: Who can you hug and meet up with from Monday?", "description": "Guidance on hugging close friends and family is being relaxed in England and Scotland.", "link": "https://www.bbc.co.uk/news/uk-51506729", "guid": {"@isPermaLink": "true", "#text": "https://www.bbc.co.uk/news/uk-51506729"}, "pubDate": "Fri, 21 May 2021 15:56:44 GMT"}, {"title": "Tom Cruise signed shirts help Woburn football club hit target", "description": "The actor signed the shirts for a local football team after filming at its ground.", "link": "https://www.bbc.co.uk/news/uk-england-beds-bucks-herts-57178686", "guid": {"@isPermaLink": "true", "#text": "https://www.bbc.co.uk/news/uk-england-beds-bucks-herts-57178686"}, "pubDate": "Fri, 21 May 2021 05:17:48 GMT"}, {"title": "Bee swarm thwarts Colchester gym-goer's journey home", "description": "Justin Stone needed the help of a passer-by to help remove hundreds of bees from his car.", "link": "https://www.bbc.co.uk/news/uk-england-essex-57148609", "guid": {"@isPermaLink": "true", "#text": "https://www.bbc.co.uk/news/uk-england-essex-57148609"}, "pubDate": "Mon, 17 May 2021 15:00:39 GMT"}, {"title": "Penarth RNLI historian wanted for lifeboat station in UK first", "description": "The RNLI is looking for a volunteer to chart the modern history of a lifeboat station.", "link": "https://www.bbc.co.uk/news/uk-wales-57058715", "guid": {"@isPermaLink": "true", "#text": "https://www.bbc.co.uk/news/uk-wales-57058715"}, "pubDate": "Sun, 16 May 2021 09:24:51 GMT"}, {"title": "Yarn-bombers join M&S and Aldi Colin the Caterpillar cake row", "description": "Knitted versions of Colin and Cuthbert the caterpillar cakes appear on post-boxes.", "link": "https://www.bbc.co.uk/news/uk-england-essex-57142230", "guid": {"@isPermaLink": "true", "#text": "https://www.bbc.co.uk/news/uk-england-essex-57142230"}, "pubDate": "Tue, 18 May 2021 13:53:42 GMT"}, {"title": "The litter-pickers keeping the Clyde bonnie", "description": "Friends of Dumbarton Foreshore share some of its more unusual finds ahead of its first big post-lockdown event.", "link": "https://www.bbc.co.uk/news/uk-scotland-glasgow-west-57170600", "guid": {"@isPermaLink": "true", "#text": "https://www.bbc.co.uk/news/uk-scotland-glasgow-west-57170600"}, "pubDate": "Wed, 19 May 2021 21:51:13 GMT"}]