[{"title": "Princess Latifa: Dubai photo appears to show missing woman", "description": "The Emirati princess has been imprisoned in Dubai since she tried to escape in 2018.", "link": "https://www.bbc.co.uk/news/world-middle-east-57204775", "guid": {"@isPermaLink": "true", "#text": "https://www.bbc.co.uk/news/world-middle-east-57204775"}, "pubDate": "Sat, 22 May 2021 20:30:25 GMT"}, {"title": "Mount Nyiragongo: DR Congo plans to evacuate city as volcano erupts", "description": "Residents of Goma flee to safety as nearby Mount Nyiragongo throws huge lava fountains into the air.", "link": "https://www.bbc.co.uk/news/world-africa-57215690", "guid": {"@isPermaLink": "true", "#text": "https://www.bbc.co.uk/news/world-africa-57215690"}, "pubDate": "Sat, 22 May 2021 21:23:40 GMT"}, {"title": "Covid: India tells social media firms to remove 'India variant' from content", "description": "Platforms are told to take down all content that refers to an \"Indian variant\" of the coronavirus.", "link": "https://www.bbc.co.uk/news/world-asia-india-57213046", "guid": {"@isPermaLink": "true", "#text": "https://www.bbc.co.uk/news/world-asia-india-57213046"}, "pubDate": "Sat, 22 May 2021 15:51:17 GMT"}, {"title": "Israel-Palestinian conflict: Eyes on peace options as Gaza truce holds", "description": "Mediators try to cement the truce, as Israel and Palestinian militants take stock of an 11-day conflict.", "link": "https://www.bbc.co.uk/news/world-middle-east-57213054", "guid": {"@isPermaLink": "true", "#text": "https://www.bbc.co.uk/news/world-middle-east-57213054"}, "pubDate": "Sat, 22 May 2021 19:08:16 GMT"}, {"title": "China's Zhurong rover takes first drive on Mars", "description": "China is now the second country after the US to operate a rover on the Red Planet.", "link": "https://www.bbc.co.uk/news/world-asia-china-57211001", "guid": {"@isPermaLink": "true", "#text": "https://www.bbc.co.uk/news/world-asia-china-57211001"}, "pubDate": "Sat, 22 May 2021 12:21:37 GMT"}, {"title": "French army chief says UN report into air strike was biased", "description": "Gen Lecointre says he believes Europe will still be fighting jihadism in the Sahel in 10 years time.", "link": "https://www.bbc.co.uk/news/world-africa-57212774", "guid": {"@isPermaLink": "true", "#text": "https://www.bbc.co.uk/news/world-africa-57212774"}, "pubDate": "Sat, 22 May 2021 14:00:05 GMT"}, {"title": "Bayern Munich 5-2 Augsburg: Robert Lewandowski breaks goalscoring record", "description": "Robert Lewandowski scores in the final minute of the season for Bayern Munich to break Gerd Muller's 49-year record of goals in a Bundesliga campaign.", "link": "https://www.bbc.co.uk/sport/football/57213750", "guid": {"@isPermaLink": "true", "#text": "https://www.bbc.co.uk/sport/football/57213750"}, "pubDate": "Sat, 22 May 2021 15:57:08 GMT"}, {"title": "Myanmar coup: Junta head claims Aung San Suu Kyi 'in good health'", "description": "Min Aung Hlaing makes the claim in his first interview since seizing power in February.", "link": "https://www.bbc.co.uk/news/world-asia-57212534", "guid": {"@isPermaLink": "true", "#text": "https://www.bbc.co.uk/news/world-asia-57212534"}, "pubDate": "Sat, 22 May 2021 13:16:31 GMT"}, {"title": "Covid: Argentina starts new lockdown as cases soar", "description": "The country that endured one of the world's longest quarantines is back under restrictions.", "link": "https://www.bbc.co.uk/news/world-latin-america-57211697", "guid": {"@isPermaLink": "true", "#text": "https://www.bbc.co.uk/news/world-latin-america-57211697"}, "pubDate": "Sat, 22 May 2021 12:41:43 GMT"}, {"title": "Salmonella: CDC urges Americans not to kiss chickens amid outbreak", "description": "The US public health agency asks people to be careful around live poultry after a multi-state outbreak.", "link": "https://www.bbc.co.uk/news/world-us-canada-57210938", "guid": {"@isPermaLink": "true", "#text": "https://www.bbc.co.uk/news/world-us-canada-57210938"}, "pubDate": "Sat, 22 May 2021 09:09:36 GMT"}, {"title": "Einstein handwritten letter with equation fetches $1.2m", "description": "The rare handwritten example of his most famous equation sells for three times more than expected.", "link": "https://www.bbc.co.uk/news/world-us-canada-57209148", "guid": {"@isPermaLink": "true", "#text": "https://www.bbc.co.uk/news/world-us-canada-57209148"}, "pubDate": "Sat, 22 May 2021 03:55:50 GMT"}, {"title": "Nigerian army chief Ibrahim Attahiru killed in air crash", "description": "The incident happened as the plane was trying to land in bad weather in Kaduna state, the military says.", "link": "https://www.bbc.co.uk/news/world-africa-57208951", "guid": {"@isPermaLink": "true", "#text": "https://www.bbc.co.uk/news/world-africa-57208951"}, "pubDate": "Sat, 22 May 2021 01:25:06 GMT"}, {"title": "Gaza-Israel conflict in pictures: 11 days of destruction", "description": "People in Gaza and Israel assess the damage to their homes and cities after 11 days of fighting.", "link": "https://www.bbc.co.uk/news/world-middle-east-57205968", "guid": {"@isPermaLink": "true", "#text": "https://www.bbc.co.uk/news/world-middle-east-57205968"}, "pubDate": "Fri, 21 May 2021 19:03:57 GMT"}, {"title": "From beer to Tinder boosts: The bribes for people to get jabbed", "description": "Free beer, marijuana and Tinder boosts are among the incentives being offered - but do they work?", "link": "https://www.bbc.co.uk/news/world-57201111", "guid": {"@isPermaLink": "true", "#text": "https://www.bbc.co.uk/news/world-57201111"}, "pubDate": "Fri, 21 May 2021 19:54:56 GMT"}, {"title": "Over 3,000 fans will attend the final of this year's Eurovision Song Contest", "description": "After being cancelled and replaced by an online 'event' last year, the competition is back on and welcoming over 3,000 fans to the live show.", "link": "https://www.bbc.co.uk/news/entertainment-arts-57203121", "guid": {"@isPermaLink": "true", "#text": "https://www.bbc.co.uk/news/entertainment-arts-57203121"}, "pubDate": "Fri, 21 May 2021 23:03:40 GMT"}, {"title": "Myanmar: The small embattled town that stood up to the army", "description": "Mindat put up tenacious resistance to the Burmese army but is now in desperate need of help.", "link": "https://www.bbc.co.uk/news/world-asia-57197081", "guid": {"@isPermaLink": "true", "#text": "https://www.bbc.co.uk/news/world-asia-57197081"}, "pubDate": "Sat, 22 May 2021 00:28:55 GMT"}, {"title": "George Floyd death: How US police are trying to win back trust", "description": "A year after George Floyd's death, it's not just civilians who'll be reflecting on what happened.", "link": "https://www.bbc.co.uk/news/world-us-canada-57205015", "guid": {"@isPermaLink": "true", "#text": "https://www.bbc.co.uk/news/world-us-canada-57205015"}, "pubDate": "Fri, 21 May 2021 20:56:00 GMT"}, {"title": "Covid Vaccines: Could they be magnetic?", "description": "Videos of people sticking magnets to their arms where they claim they\u2019ve had the Covid vaccine have gone viral. We debunk this so-called magnet challenge.", "link": "https://www.bbc.co.uk/news/57207134", "guid": {"@isPermaLink": "true", "#text": "https://www.bbc.co.uk/news/57207134"}, "pubDate": "Fri, 21 May 2021 23:03:32 GMT"}, {"title": "Coronavirus: How Covid-19 crushed India's healthcare systems", "description": "Experts say Covid-19 has exposed the inadequacies of India's healthcare infrastructure.", "link": "https://www.bbc.co.uk/news/world-asia-india-57201304", "guid": {"@isPermaLink": "true", "#text": "https://www.bbc.co.uk/news/world-asia-india-57201304"}, "pubDate": "Sat, 22 May 2021 00:19:07 GMT"}, {"title": "Water so toxic 'it could burn your eyes'", "description": "Martin Patience gets to the source of Lebanon's water crisis.", "link": "https://www.bbc.co.uk/news/world-middle-east-57203120", "guid": {"@isPermaLink": "true", "#text": "https://www.bbc.co.uk/news/world-middle-east-57203120"}, "pubDate": "Fri, 21 May 2021 23:01:37 GMT"}, {"title": "Five decades of Eurovision songs... from memory", "description": "The BBC's Steve Rosenberg returns to delight you with his piano renditions and encyclopaedic knowledge of the Eurovision Song Contest.", "link": "https://www.bbc.co.uk/news/world-middle-east-57206431", "guid": {"@isPermaLink": "true", "#text": "https://www.bbc.co.uk/news/world-middle-east-57206431"}, "pubDate": "Fri, 21 May 2021 21:18:45 GMT"}, {"title": "Israel-Gaza: How children on both sides experienced the conflict", "description": "The BBC talks to children on both sides of the Israel-Gaza conflict about their experiences.", "link": "https://www.bbc.co.uk/news/world-middle-east-57203350", "guid": {"@isPermaLink": "true", "#text": "https://www.bbc.co.uk/news/world-middle-east-57203350"}, "pubDate": "Fri, 21 May 2021 15:30:15 GMT"}, {"title": "Palestinians and Israelis react to ceasefire", "description": "Whilst Palestinians took to the streets to celebrate, reaction from Israelis was more subdued.", "link": "https://www.bbc.co.uk/news/world-middle-east-57198382", "guid": {"@isPermaLink": "true", "#text": "https://www.bbc.co.uk/news/world-middle-east-57198382"}, "pubDate": "Fri, 21 May 2021 16:50:30 GMT"}]