[{"title": "Schools set to lose \u00a3118m funding for poor pupils", "description": "Pupils who became eligible between October 2020 and January 2021 will not now be counted until October 2021.", "link": "https://www.bbc.co.uk/news/education-57188815", "guid": {"@isPermaLink": "true", "#text": "https://www.bbc.co.uk/news/education-57188815"}, "pubDate": "Thu, 20 May 2021 23:10:33 GMT"}, {"title": "Covid: Surge forces Bedford school to switch to remote learning", "description": "Pupils will be back at home again after a school says it has been \"unable to control\" Covid cases.", "link": "https://www.bbc.co.uk/news/uk-england-beds-bucks-herts-57194285", "guid": {"@isPermaLink": "true", "#text": "https://www.bbc.co.uk/news/uk-england-beds-bucks-herts-57194285"}, "pubDate": "Fri, 21 May 2021 07:27:20 GMT"}, {"title": "University tuition fees: 'We're paying for something we're not getting'", "description": "Students say it is unfair their \u00a37,500-a-year university course has mostly been taught online.", "link": "https://www.bbc.co.uk/news/uk-england-beds-bucks-herts-57198526", "guid": {"@isPermaLink": "true", "#text": "https://www.bbc.co.uk/news/uk-england-beds-bucks-herts-57198526"}, "pubDate": "Fri, 21 May 2021 11:27:31 GMT"}, {"title": "Cecil Rhodes statue will not be removed by Oxford College", "description": "Oriel College initially backed the removal but has backtracked blaming costs and other issues.", "link": "https://www.bbc.co.uk/news/uk-england-oxfordshire-57175057", "guid": {"@isPermaLink": "true", "#text": "https://www.bbc.co.uk/news/uk-england-oxfordshire-57175057"}, "pubDate": "Thu, 20 May 2021 13:08:49 GMT"}, {"title": "Teachers' grades biased to more 'agreeable' pupils", "description": "Psychologists warn teachers' grades could be influenced by students' personality rather than ability.", "link": "https://www.bbc.co.uk/news/education-57178473", "guid": {"@isPermaLink": "true", "#text": "https://www.bbc.co.uk/news/education-57178473"}, "pubDate": "Wed, 19 May 2021 23:45:48 GMT"}, {"title": "More exercise could help poorer pupils, study says.", "description": "A study by Cambridge University suggests physical activities help improve children's self-control.", "link": "https://www.bbc.co.uk/news/education-57169054", "guid": {"@isPermaLink": "true", "#text": "https://www.bbc.co.uk/news/education-57169054"}, "pubDate": "Wed, 19 May 2021 22:26:35 GMT"}, {"title": "Parents' evenings 'to stay on Zoom after pandemic'", "description": "The government\u2019s Covid school catch-up tsar said the evenings were \u201cmuch better\u201d when held remotely.", "link": "https://www.bbc.co.uk/news/technology-57175613", "guid": {"@isPermaLink": "true", "#text": "https://www.bbc.co.uk/news/technology-57175613"}, "pubDate": "Wed, 19 May 2021 15:33:33 GMT"}, {"title": "Cambridge University: Record number of BAME admissions in 2020", "description": "There was also an increased student intake overall following changes to A-level exams last summer.", "link": "https://www.bbc.co.uk/news/uk-england-cambridgeshire-57156553", "guid": {"@isPermaLink": "true", "#text": "https://www.bbc.co.uk/news/uk-england-cambridgeshire-57156553"}, "pubDate": "Wed, 19 May 2021 05:26:12 GMT"}, {"title": "Universities keeping lectures online into autumn term", "description": "A student petition calls it \"ridiculous\" as some UK universities keep lectures online for next term.", "link": "https://www.bbc.co.uk/news/education-57150071", "guid": {"@isPermaLink": "true", "#text": "https://www.bbc.co.uk/news/education-57150071"}, "pubDate": "Tue, 18 May 2021 11:14:06 GMT"}, {"title": "Cambridge University to offer short online courses for professionals", "description": "The pandemic has changed people's attitudes to online working and learning, vice-chancellor says.", "link": "https://www.bbc.co.uk/news/uk-england-cambridgeshire-57148715", "guid": {"@isPermaLink": "true", "#text": "https://www.bbc.co.uk/news/uk-england-cambridgeshire-57148715"}, "pubDate": "Tue, 18 May 2021 07:01:18 GMT"}, {"title": "Exams to resume in N. Ireland next year", "description": "GCSE, AS and A-levels will take place in NI again but pupils taking CCEA exams will sit fewer tests.", "link": "https://www.bbc.co.uk/news/uk-northern-ireland-57146380", "guid": {"@isPermaLink": "true", "#text": "https://www.bbc.co.uk/news/uk-northern-ireland-57146380"}, "pubDate": "Mon, 17 May 2021 12:31:33 GMT"}, {"title": "School protests force U-turn after sick pupil banned from wearing cap", "description": "Pupils wearing caps and hoodies gather outside a school in support of Ella Goodwin on Monday.", "link": "https://www.bbc.co.uk/news/uk-england-derbyshire-57124276", "guid": {"@isPermaLink": "true", "#text": "https://www.bbc.co.uk/news/uk-england-derbyshire-57124276"}, "pubDate": "Mon, 17 May 2021 16:03:19 GMT"}, {"title": "Covid Indian variant: Pupils keep face masks in parts of North West", "description": "Pupils in parts of north-west England continue wearing face masks in school amid variant concerns.", "link": "https://www.bbc.co.uk/news/uk-england-lancashire-57119252", "guid": {"@isPermaLink": "true", "#text": "https://www.bbc.co.uk/news/uk-england-lancashire-57119252"}, "pubDate": "Fri, 14 May 2021 18:25:21 GMT"}, {"title": "Mary Beard's retirement present to fund students", "description": "Historian and TV presenter is paying for scholarships to widen access to classics beyond \"posh\" people.", "link": "https://www.bbc.co.uk/news/education-57102489", "guid": {"@isPermaLink": "true", "#text": "https://www.bbc.co.uk/news/education-57102489"}, "pubDate": "Thu, 13 May 2021 22:58:32 GMT"}, {"title": "Covid: \u00a313.5bn needed to help pupils catch up, report says", "description": "The Education Policy Institute also calls for a longer school day and summer activities.", "link": "https://www.bbc.co.uk/news/uk-england-57091191", "guid": {"@isPermaLink": "true", "#text": "https://www.bbc.co.uk/news/uk-england-57091191"}, "pubDate": "Thu, 13 May 2021 22:58:04 GMT"}, {"title": "Girls' education 'smartest' post-Covid investment, says PM", "description": "The PM urges more support for girls' education in poor countries - but faces criticism over aid cuts.", "link": "https://www.bbc.co.uk/news/education-57092787", "guid": {"@isPermaLink": "true", "#text": "https://www.bbc.co.uk/news/education-57092787"}, "pubDate": "Wed, 12 May 2021 21:51:52 GMT"}, {"title": "Parents question fairness of Scottish exam assessments", "description": "Connect has warned schools are taking \"different approaches\" across the country due to the pandemic.", "link": "https://www.bbc.co.uk/news/uk-scotland-57103703", "guid": {"@isPermaLink": "true", "#text": "https://www.bbc.co.uk/news/uk-scotland-57103703"}, "pubDate": "Thu, 13 May 2021 22:17:04 GMT"}, {"title": "Self-isolation exam worries in Wales", "description": "One mother says her son has \"suffered very badly\" and it is affecting his mental health.", "link": "https://www.bbc.co.uk/news/uk-wales-57102250", "guid": {"@isPermaLink": "true", "#text": "https://www.bbc.co.uk/news/uk-wales-57102250"}, "pubDate": "Fri, 14 May 2021 05:11:47 GMT"}, {"title": "Concerns over impartiality of school abuse review", "description": "Ofsted cannot conduct an impartial review into allegations of sex abuse in schools, a teaching union says.", "link": "https://www.bbc.co.uk/news/education-57000001", "guid": {"@isPermaLink": "true", "#text": "https://www.bbc.co.uk/news/education-57000001"}, "pubDate": "Wed, 12 May 2021 00:39:44 GMT"}, {"title": "Queen's Speech: Boris Johnson promises post-Covid skills overhaul", "description": "Adults will be offered \"lifelong\" training loans under measures being announced in the Queen's Speech.", "link": "https://www.bbc.co.uk/news/uk-politics-57060588", "guid": {"@isPermaLink": "true", "#text": "https://www.bbc.co.uk/news/uk-politics-57060588"}, "pubDate": "Tue, 11 May 2021 10:32:08 GMT"}, {"title": "Universities could face fines over free speech breaches", "description": "Universities in England could face fines if they fail to protect free speech on campus under new legislation.", "link": "https://www.bbc.co.uk/news/education-57076093", "guid": {"@isPermaLink": "true", "#text": "https://www.bbc.co.uk/news/education-57076093"}, "pubDate": "Wed, 12 May 2021 00:20:35 GMT"}, {"title": "Conversion therapy ban: Campaigners dismayed over delay", "description": "Campaigners are dismayed as the government announces a consultation before the practice is banned.", "link": "https://www.bbc.co.uk/news/health-57059459", "guid": {"@isPermaLink": "true", "#text": "https://www.bbc.co.uk/news/health-57059459"}, "pubDate": "Tue, 11 May 2021 20:21:49 GMT"}, {"title": "The black children wrongly sent to 'special' schools in the 1970s", "description": "In the '60s and '70s, black children were wrongly sent to schools for the \"educationally subnormal\".", "link": "https://www.bbc.co.uk/news/uk-57099654", "guid": {"@isPermaLink": "true", "#text": "https://www.bbc.co.uk/news/uk-57099654"}, "pubDate": "Thu, 20 May 2021 07:37:20 GMT"}, {"title": "Contest inspires next generation of female code breakers", "description": "More than 6,500 pupils from across the UK took part in the CyberFirst Girls competition.", "link": "https://www.bbc.co.uk/news/technology-56996335", "guid": {"@isPermaLink": "true", "#text": "https://www.bbc.co.uk/news/technology-56996335"}, "pubDate": "Tue, 11 May 2021 10:52:02 GMT"}, {"title": "Tommy Mallet: 'I don't read emails longer than five words'", "description": "The Only Way Is Essex star Tommy Mallet opens up about the challenges he has faced with literacy and dyslexia.", "link": "https://www.bbc.co.uk/news/education-57074195", "guid": {"@isPermaLink": "true", "#text": "https://www.bbc.co.uk/news/education-57074195"}, "pubDate": "Wed, 12 May 2021 23:19:48 GMT"}, {"title": "Election 2021: Middlesbrough family's library lifeline", "description": "Public libraries have borne the brunt of council cuts but one town is bucking the national trend.", "link": "https://www.bbc.co.uk/news/uk-england-tees-56905392", "guid": {"@isPermaLink": "true", "#text": "https://www.bbc.co.uk/news/uk-england-tees-56905392"}, "pubDate": "Thu, 29 Apr 2021 05:34:31 GMT"}, {"title": "Lockdowns hurt child speech and language skills - report", "description": "Delays to speech and language skills are a top concern for primary schools, researchers say.", "link": "https://www.bbc.co.uk/news/education-56889035", "guid": {"@isPermaLink": "true", "#text": "https://www.bbc.co.uk/news/education-56889035"}, "pubDate": "Tue, 27 Apr 2021 13:01:33 GMT"}, {"title": "Would universities call parents in a mental health crisis?", "description": "Bereaved parents call for universities to contact students' families to reduce risk of suicides.", "link": "https://www.bbc.co.uk/news/education-56763189", "guid": {"@isPermaLink": "true", "#text": "https://www.bbc.co.uk/news/education-56763189"}, "pubDate": "Sat, 17 Apr 2021 23:50:42 GMT"}, {"title": "'I can't read or write, but I can cook'", "description": "Professionals tell the BBC what it is like to struggle with reading and writing while at work.", "link": "https://www.bbc.co.uk/news/business-57025677", "guid": {"@isPermaLink": "true", "#text": "https://www.bbc.co.uk/news/business-57025677"}, "pubDate": "Mon, 10 May 2021 23:05:18 GMT"}, {"title": "Back to school: How pupils feel about returning to class", "description": "The BBC speaks to pupils to discover how they feel as they go back to school.", "link": "https://www.bbc.co.uk/news/uk-england-suffolk-56321188", "guid": {"@isPermaLink": "true", "#text": "https://www.bbc.co.uk/news/uk-england-suffolk-56321188"}, "pubDate": "Mon, 08 Mar 2021 14:33:21 GMT"}, {"title": "Face masks no longer required in classrooms", "description": "Face coverings will not be needed in England's secondary classrooms from 17 May, says the prime minister.", "link": "https://www.bbc.co.uk/news/education-57059407", "guid": {"@isPermaLink": "true", "#text": "https://www.bbc.co.uk/news/education-57059407"}, "pubDate": "Mon, 10 May 2021 16:38:02 GMT"}, {"title": "Covid: Poor pupils fall further behind in maths", "description": "The gap between poor pupils and their classmates is unlikely to narrow without intervention, researchers say.", "link": "https://www.bbc.co.uk/news/education-56996245", "guid": {"@isPermaLink": "true", "#text": "https://www.bbc.co.uk/news/education-56996245"}, "pubDate": "Thu, 06 May 2021 23:01:58 GMT"}, {"title": "Coronavirus testing: How to do a lateral flow test at home", "description": "Coronavirus lateral flow tests are free and provide a quick result within 30 minutes. But how do you do one?", "link": "https://www.bbc.co.uk/news/health-56326456", "guid": {"@isPermaLink": "true", "#text": "https://www.bbc.co.uk/news/health-56326456"}, "pubDate": "Tue, 09 Mar 2021 00:03:39 GMT"}, {"title": "Longer school day, shorter summer holiday?", "description": "A range of measures are being looked at to help pupils in England catch up, the education secretary says.", "link": "https://www.bbc.co.uk/news/uk-56311723", "guid": {"@isPermaLink": "true", "#text": "https://www.bbc.co.uk/news/uk-56311723"}, "pubDate": "Sun, 07 Mar 2021 12:22:22 GMT"}, {"title": "School 'feels alive' after children's return", "description": "The BBC visited one school in Lincolnshire to see how its staff and children were coping on week one.", "link": "https://www.bbc.co.uk/news/education-56375885", "guid": {"@isPermaLink": "true", "#text": "https://www.bbc.co.uk/news/education-56375885"}, "pubDate": "Sat, 13 Mar 2021 00:05:21 GMT"}, {"title": "First day back at school has 'gone well', say heads", "description": "Millions have returned to school in England, with face masks and Covid tests for secondary pupils.", "link": "https://www.bbc.co.uk/news/education-56293639", "guid": {"@isPermaLink": "true", "#text": "https://www.bbc.co.uk/news/education-56293639"}, "pubDate": "Mon, 08 Mar 2021 16:58:55 GMT"}, {"title": "How could children make up for lost school time?", "description": "A massive task lies ahead for schools as they try to make up for teaching time lost during the pandemic.", "link": "https://www.bbc.co.uk/news/explainers-55938837", "guid": {"@isPermaLink": "true", "#text": "https://www.bbc.co.uk/news/explainers-55938837"}, "pubDate": "Mon, 08 Mar 2021 08:59:21 GMT"}, {"title": "Covid: Parents worry about lost learning as schools reopen", "description": "Parents are confident about children returning to school but worry about catching up, says survey.", "link": "https://www.bbc.co.uk/news/education-56292525", "guid": {"@isPermaLink": "true", "#text": "https://www.bbc.co.uk/news/education-56292525"}, "pubDate": "Sun, 07 Mar 2021 00:14:26 GMT"}, {"title": "Parents not giving Covid test consent, warn heads", "description": "Heads say parents are not giving consent for Covid tests for children, ahead of going back to school.", "link": "https://www.bbc.co.uk/news/education-56297590", "guid": {"@isPermaLink": "true", "#text": "https://www.bbc.co.uk/news/education-56297590"}, "pubDate": "Fri, 05 Mar 2021 16:05:37 GMT"}, {"title": "Students returning to university in England from 17 May", "description": "A million students currently learning online will go back to university campuses next month.", "link": "https://www.bbc.co.uk/news/education-56731330", "guid": {"@isPermaLink": "true", "#text": "https://www.bbc.co.uk/news/education-56731330"}, "pubDate": "Tue, 13 Apr 2021 16:49:53 GMT"}, {"title": "Students feel like an 'afterthought' after university return date", "description": "They've been reacting to the news students won't be returning before 17 May.", "link": "https://www.bbc.co.uk/news/newsbeat-56727151", "guid": {"@isPermaLink": "true", "#text": "https://www.bbc.co.uk/news/newsbeat-56727151"}, "pubDate": "Wed, 14 Apr 2021 11:56:03 GMT"}, {"title": "What's the plan for students returning to uni?", "description": "Face-to-face courses cannot resume on campuses in England until at least 17 May.", "link": "https://www.bbc.co.uk/news/explainers-52753913", "guid": {"@isPermaLink": "true", "#text": "https://www.bbc.co.uk/news/explainers-52753913"}, "pubDate": "Wed, 14 Apr 2021 17:13:24 GMT"}, {"title": "Coronavirus: Should university students get a refund?", "description": "The pandemic has meant most students have been unable to go to lectures - so should they get a refund?", "link": "https://www.bbc.co.uk/news/education-56083667", "guid": {"@isPermaLink": "true", "#text": "https://www.bbc.co.uk/news/education-56083667"}, "pubDate": "Wed, 17 Feb 2021 00:46:00 GMT"}, {"title": "Turing Scheme: What is the Erasmus replacement?", "description": "What will Brexit mean for students in the UK wanting to work or study abroad?", "link": "https://www.bbc.co.uk/news/education-47293927", "guid": {"@isPermaLink": "true", "#text": "https://www.bbc.co.uk/news/education-47293927"}, "pubDate": "Fri, 12 Mar 2021 12:39:54 GMT"}, {"title": "A-level and GCSE results to be decided by teachers", "description": "A combination of mock exams, coursework and essays will be used to decide grades in England this year.", "link": "https://www.bbc.co.uk/news/education-56157413", "guid": {"@isPermaLink": "true", "#text": "https://www.bbc.co.uk/news/education-56157413"}, "pubDate": "Thu, 25 Feb 2021 10:19:10 GMT"}, {"title": "Exam cancellations: 'Has all my work gone down the drain?'", "description": "\"Relieved, anxious, stressed\" - students speak out on learning that A-levels and GCSE are cancelled.", "link": "https://www.bbc.co.uk/news/uk-england-wiltshire-55548619", "guid": {"@isPermaLink": "true", "#text": "https://www.bbc.co.uk/news/uk-england-wiltshire-55548619"}, "pubDate": "Wed, 06 Jan 2021 15:54:45 GMT"}, {"title": "Coronavirus: The story of the big U-turn of the summer", "description": "The Department of Education and Ofqual will face public scrutiny to explain the exam confusion, the colossal U-turn and resignations. What went wrong?", "link": "https://www.bbc.co.uk/news/education-54103612", "guid": {"@isPermaLink": "true", "#text": "https://www.bbc.co.uk/news/education-54103612"}, "pubDate": "Sat, 12 Sep 2020 23:06:57 GMT"}]