[{"title": "China's Zhurong rover takes first drive on Mars", "description": "China is now the second country after the US to operate a rover on the Red Planet.", "link": "https://www.bbc.co.uk/news/world-asia-china-57211001", "guid": {"@isPermaLink": "true", "#text": "https://www.bbc.co.uk/news/world-asia-china-57211001"}, "pubDate": "Sat, 22 May 2021 12:21:37 GMT"}, {"title": "'Science should be at the centre of all policy making'", "description": "Coronavirus has shown how good science should be embedded in all big decisions, writes Prof Ruth Morgan.", "link": "https://www.bbc.co.uk/news/science-environment-56994449", "guid": {"@isPermaLink": "true", "#text": "https://www.bbc.co.uk/news/science-environment-56994449"}, "pubDate": "Sat, 22 May 2021 12:28:20 GMT"}, {"title": "Virgin Galactic rocket plane flies to edge of space", "description": "Sir Richard Branson's spaceplane completes the first of three key test flights above New Mexico.", "link": "https://www.bbc.co.uk/news/science-environment-57214988", "guid": {"@isPermaLink": "true", "#text": "https://www.bbc.co.uk/news/science-environment-57214988"}, "pubDate": "Sat, 22 May 2021 16:54:44 GMT"}, {"title": "Covid-19: Sewage testing ramped up in England", "description": "Programme to test wastewater for the virus that causes Covid now covers two-thirds of England's population.", "link": "https://www.bbc.co.uk/news/science-environment-57205126", "guid": {"@isPermaLink": "true", "#text": "https://www.bbc.co.uk/news/science-environment-57205126"}, "pubDate": "Fri, 21 May 2021 23:42:51 GMT"}, {"title": "Climate change: G7 ministers agree new steps against fossil fuels", "description": "Environment ministers from leading countries agree to take further steps to help limit global heating.", "link": "https://www.bbc.co.uk/news/science-environment-57203400", "guid": {"@isPermaLink": "true", "#text": "https://www.bbc.co.uk/news/science-environment-57203400"}, "pubDate": "Fri, 21 May 2021 14:24:58 GMT"}, {"title": "China on Mars: Zhurong rover returns first pictures", "description": "Imagery comes back from the six-wheeled robot that landed successfully at the weekend.", "link": "https://www.bbc.co.uk/news/science-environment-57172346", "guid": {"@isPermaLink": "true", "#text": "https://www.bbc.co.uk/news/science-environment-57172346"}, "pubDate": "Wed, 19 May 2021 11:12:49 GMT"}, {"title": "UK must do better over electric cars - MPs", "description": "They're still too expensive and there are not enough charging points, a report warns.", "link": "https://www.bbc.co.uk/news/uk-politics-57160298", "guid": {"@isPermaLink": "true", "#text": "https://www.bbc.co.uk/news/uk-politics-57160298"}, "pubDate": "Tue, 18 May 2021 23:02:42 GMT"}, {"title": "UK government to pay older farmers to retire", "description": "Older farmers in England will be paid to retire under a government scheme.", "link": "https://www.bbc.co.uk/news/science-environment-57149744", "guid": {"@isPermaLink": "true", "#text": "https://www.bbc.co.uk/news/science-environment-57149744"}, "pubDate": "Wed, 19 May 2021 12:04:54 GMT"}, {"title": "Green light for 'net zero' equivalent for nature", "description": "The government promises to \"halt the decline of nature\" as part of a drive to improve the environment.", "link": "https://www.bbc.co.uk/news/science-environment-57152169", "guid": {"@isPermaLink": "true", "#text": "https://www.bbc.co.uk/news/science-environment-57152169"}, "pubDate": "Tue, 18 May 2021 16:53:55 GMT"}, {"title": "Climate change: Ban new gas boilers from 2025 to reach net-zero", "description": "A ban on new gas boilers from 2025 is one step to reach net-zero emissions by 2050, say energy experts.", "link": "https://www.bbc.co.uk/news/science-environment-57149059", "guid": {"@isPermaLink": "true", "#text": "https://www.bbc.co.uk/news/science-environment-57149059"}, "pubDate": "Tue, 18 May 2021 19:29:28 GMT"}, {"title": "Just 20 firms behind more than half of single-use plastic waste - study", "description": "The study looked at approximately 1,000 factories that make the raw materials for single-use products.", "link": "https://www.bbc.co.uk/news/science-environment-57149741", "guid": {"@isPermaLink": "true", "#text": "https://www.bbc.co.uk/news/science-environment-57149741"}, "pubDate": "Tue, 18 May 2021 05:00:30 GMT"}, {"title": "John Kerry: US climate envoy criticised for optimism on clean tech", "description": "John Kerry told the BBC technologies that don't yet exist will play a huge role in stabilising the climate.", "link": "https://www.bbc.co.uk/news/science-environment-57135506", "guid": {"@isPermaLink": "true", "#text": "https://www.bbc.co.uk/news/science-environment-57135506"}, "pubDate": "Sun, 16 May 2021 13:06:40 GMT"}, {"title": "The most plastic-polluted riverbed in the UK", "description": "Part of the River Tame in Greater Manchester is the most plastic-polluted riverbed in the UK, scientists say.", "link": "https://www.bbc.co.uk/news/science-environment-57113470", "guid": {"@isPermaLink": "true", "#text": "https://www.bbc.co.uk/news/science-environment-57113470"}, "pubDate": "Fri, 14 May 2021 12:30:27 GMT"}, {"title": "Gas Boilers: What are heat pumps and how much do they cost?", "description": "No new gas boilers should be sold from 2025 according to the the International Energy Agency.", "link": "https://www.bbc.co.uk/news/science-environment-57159056", "guid": {"@isPermaLink": "true", "#text": "https://www.bbc.co.uk/news/science-environment-57159056"}, "pubDate": "Tue, 18 May 2021 13:51:37 GMT"}, {"title": "Wastewater is 'polluting rivers with microplastic'", "description": "\"Frequent releases\" of sewage create microplastic hotspots in UK rivers.", "link": "https://www.bbc.co.uk/news/science-environment-57092135", "guid": {"@isPermaLink": "true", "#text": "https://www.bbc.co.uk/news/science-environment-57092135"}, "pubDate": "Thu, 13 May 2021 15:04:27 GMT"}, {"title": "Nature: Throwing money at biodiversity schemes is ineffective", "description": "Many internationally funded conservation schemes are underfunded and ineffective, researchers conclude.", "link": "https://www.bbc.co.uk/news/science-environment-57071514", "guid": {"@isPermaLink": "true", "#text": "https://www.bbc.co.uk/news/science-environment-57071514"}, "pubDate": "Wed, 12 May 2021 00:54:06 GMT"}, {"title": "Cutting methane gas 'crucial for climate fight'", "description": "Reducing methane emissions needs to play a much more important role in tackling global warming.", "link": "https://www.bbc.co.uk/news/science-environment-56933443", "guid": {"@isPermaLink": "true", "#text": "https://www.bbc.co.uk/news/science-environment-56933443"}, "pubDate": "Thu, 06 May 2021 15:30:12 GMT"}, {"title": "China lands its Zhurong rover on Mars", "description": "The six-wheeled robot has made the hazardous descent to the surface of the Red Planet, China announces.", "link": "https://www.bbc.co.uk/news/science-environment-57122914", "guid": {"@isPermaLink": "true", "#text": "https://www.bbc.co.uk/news/science-environment-57122914"}, "pubDate": "Sat, 15 May 2021 04:05:44 GMT"}, {"title": "Russia picks team for film shot on International Space Station", "description": "An actress and director will blast off in October - but Tom Cruise also plans to visit the ISS.", "link": "https://www.bbc.co.uk/news/world-europe-57106618", "guid": {"@isPermaLink": "true", "#text": "https://www.bbc.co.uk/news/world-europe-57106618"}, "pubDate": "Thu, 13 May 2021 18:43:36 GMT"}, {"title": "P\u00e9trus wine aged in space up for sale at Christie's", "description": "Christie's predicts the bottle of P\u00e9trus 2000 that orbited the earth could sell for $1m (\u00a3720,000).", "link": "https://www.bbc.co.uk/news/world-europe-56992086", "guid": {"@isPermaLink": "true", "#text": "https://www.bbc.co.uk/news/world-europe-56992086"}, "pubDate": "Wed, 05 May 2021 10:48:22 GMT"}, {"title": "Chinese rocket debris crashes into Indian Ocean - state media", "description": "Most of the Chinese Long March-5b rocket reportedly disintegrated as it re-entered the atmosphere.", "link": "https://www.bbc.co.uk/news/science-environment-57045058", "guid": {"@isPermaLink": "true", "#text": "https://www.bbc.co.uk/news/science-environment-57045058"}, "pubDate": "Sun, 09 May 2021 09:44:37 GMT"}, {"title": "Indonesia: Climate change destroying world's oldest animal painting", "description": "Higher temperatures have accelerated build-up of salts, which causes the art to flake off the walls.", "link": "https://www.bbc.co.uk/news/world-asia-57166995", "guid": {"@isPermaLink": "true", "#text": "https://www.bbc.co.uk/news/world-asia-57166995"}, "pubDate": "Wed, 19 May 2021 05:13:57 GMT"}, {"title": "Mind-boggling magnets could unlock plentiful power", "description": "Powerful magnets are bringing abundant, pollution-free electricity a step closer.", "link": "https://www.bbc.co.uk/news/business-56843149", "guid": {"@isPermaLink": "true", "#text": "https://www.bbc.co.uk/news/business-56843149"}, "pubDate": "Mon, 10 May 2021 23:09:13 GMT"}, {"title": "Sir David Attenborough: Problems that await greater than the epidemic", "description": "The broadcaster calls on nations to act in agreement as he is appointed People's Advocate at COP26.", "link": "https://www.bbc.co.uk/news/57050259", "guid": {"@isPermaLink": "true", "#text": "https://www.bbc.co.uk/news/57050259"}, "pubDate": "Sun, 09 May 2021 23:27:46 GMT"}, {"title": "Ancient child grave was Africa's earliest funeral", "description": "A young child buried in a cave 78,000 years ago is the earliest known funeral in Africa.", "link": "https://www.bbc.co.uk/news/science-environment-56986457", "guid": {"@isPermaLink": "true", "#text": "https://www.bbc.co.uk/news/science-environment-56986457"}, "pubDate": "Wed, 05 May 2021 15:03:00 GMT"}, {"title": "Why is this the 'most instagrammable' bird?", "description": "How a study designated the rare, odd-looking frogmouth the most instagrammable of avian species.", "link": "https://www.bbc.co.uk/news/science-environment-56946165", "guid": {"@isPermaLink": "true", "#text": "https://www.bbc.co.uk/news/science-environment-56946165"}, "pubDate": "Fri, 30 Apr 2021 23:22:43 GMT"}]