[{"title": "UK makes free-trade offer to Australia despite farmers' fears", "description": "The UK offers to phase out import taxes over 15 years, as UK farmers warn they could go bust.", "link": "https://www.bbc.co.uk/news/uk-politics-57198607", "guid": {"@isPermaLink": "true", "#text": "https://www.bbc.co.uk/news/uk-politics-57198607"}, "pubDate": "Fri, 21 May 2021 18:13:05 GMT"}, {"title": "Covid: Vaccinating children should be considered, says Jeremy Hunt", "description": "The ex-health secretary says there is a risk of young people spreading coronavirus to older groups.", "link": "https://www.bbc.co.uk/news/uk-politics-57202628", "guid": {"@isPermaLink": "true", "#text": "https://www.bbc.co.uk/news/uk-politics-57202628"}, "pubDate": "Fri, 21 May 2021 18:25:27 GMT"}, {"title": "Coronavirus: Spain to lift restrictions for UK and Japanese travellers", "description": "UK tourists will be free to enter the country without a negative Covid-19 PCR test from Monday.", "link": "https://www.bbc.co.uk/news/world-europe-57199791", "guid": {"@isPermaLink": "true", "#text": "https://www.bbc.co.uk/news/world-europe-57199791"}, "pubDate": "Fri, 21 May 2021 21:17:16 GMT"}, {"title": "Contaminated blood inquiry: 'I want their voices to be heard' - Hancock", "description": "Thousands of people died after being given infected blood products during the 70s and 80s.", "link": "https://www.bbc.co.uk/news/health-57190095", "guid": {"@isPermaLink": "true", "#text": "https://www.bbc.co.uk/news/health-57190095"}, "pubDate": "Fri, 21 May 2021 15:31:14 GMT"}, {"title": "Finance secretary 'has to tiptoe around' her Christian faith", "description": "Kate Forbes was partly raised in India after her parents travelled there as missionaries when she was six weeks old.", "link": "https://www.bbc.co.uk/news/uk-scotland-scotland-politics-57203901", "guid": {"@isPermaLink": "true", "#text": "https://www.bbc.co.uk/news/uk-scotland-scotland-politics-57203901"}, "pubDate": "Fri, 21 May 2021 20:08:48 GMT"}, {"title": "Windrush victims still waiting for compensation - watchdog", "description": "Campaigners have raised concerns about the low number of compensation payments to victims.", "link": "https://www.bbc.co.uk/news/uk-57196605", "guid": {"@isPermaLink": "true", "#text": "https://www.bbc.co.uk/news/uk-57196605"}, "pubDate": "Fri, 21 May 2021 04:42:03 GMT"}, {"title": "UK-Australia trade deal: What are the arguments for and against?", "description": "The government wants to finalise negotiations by early June.", "link": "https://www.bbc.co.uk/news/57173498", "guid": {"@isPermaLink": "true", "#text": "https://www.bbc.co.uk/news/57173498"}, "pubDate": "Thu, 20 May 2021 13:10:56 GMT"}, {"title": "Covid: Test and Trace failure helped Indian variant spread, report says", "description": "Several councils did not receive up-to-date Covid data for almost three weeks, the BBC learns.", "link": "https://www.bbc.co.uk/news/uk-politics-57186059", "guid": {"@isPermaLink": "true", "#text": "https://www.bbc.co.uk/news/uk-politics-57186059"}, "pubDate": "Thu, 20 May 2021 17:06:01 GMT"}, {"title": "Author Hilary Mantel says UK needs written constitution", "description": "The Wolf Hall writer bases her views on Boris Johnson's 2019 attempt to suspend Parliament.", "link": "https://www.bbc.co.uk/news/entertainment-arts-57157878", "guid": {"@isPermaLink": "true", "#text": "https://www.bbc.co.uk/news/entertainment-arts-57157878"}, "pubDate": "Thu, 20 May 2021 23:03:27 GMT"}, {"title": "Australia trade deal: Welsh identity at risk says Drakeford", "description": "Free access to UK markets for lamb and beef threatens our rural communities, Mark Drakeford warns.", "link": "https://www.bbc.co.uk/news/uk-wales-politics-57184907", "guid": {"@isPermaLink": "true", "#text": "https://www.bbc.co.uk/news/uk-wales-politics-57184907"}, "pubDate": "Thu, 20 May 2021 16:02:12 GMT"}, {"title": "Mike Hill: Ex Hartlepool Labour MP breached sexual misconduct policy", "description": "An expert panel rules ex-Hartlepool MP Mike Hill would have faced sanctions if he had not quit.", "link": "https://www.bbc.co.uk/news/uk-england-tees-57186982", "guid": {"@isPermaLink": "true", "#text": "https://www.bbc.co.uk/news/uk-england-tees-57186982"}, "pubDate": "Thu, 20 May 2021 15:01:57 GMT"}, {"title": "Tory MP wins Commons new law lottery", "description": "Mark Jenkinson tops the MPs' annual ballot to propose new laws of their own choice.", "link": "https://www.bbc.co.uk/news/uk-politics-57184917", "guid": {"@isPermaLink": "true", "#text": "https://www.bbc.co.uk/news/uk-politics-57184917"}, "pubDate": "Thu, 20 May 2021 12:23:44 GMT"}, {"title": "'Levelling up' must be more targeted, say peers", "description": "Lords warn Boris Johnson's pledge will leave deprived areas \"short-changed\" if not focused correctly.", "link": "https://www.bbc.co.uk/news/uk-politics-57175982", "guid": {"@isPermaLink": "true", "#text": "https://www.bbc.co.uk/news/uk-politics-57175982"}, "pubDate": "Wed, 19 May 2021 23:54:04 GMT"}, {"title": "Better rail services promised in huge shake-up", "description": "Transport Secretary says there is no \"hidden agenda\" to raise fares but there could be no guarantees.", "link": "https://www.bbc.co.uk/news/business-57176858", "guid": {"@isPermaLink": "true", "#text": "https://www.bbc.co.uk/news/business-57176858"}, "pubDate": "Thu, 20 May 2021 17:36:25 GMT"}, {"title": "296 people donate organs in first year of new consent law", "description": "Max and Keira's Law presumes all adults in England as potential organ donors unless they opt out.", "link": "https://www.bbc.co.uk/news/uk-politics-57163433", "guid": {"@isPermaLink": "true", "#text": "https://www.bbc.co.uk/news/uk-politics-57163433"}, "pubDate": "Thu, 20 May 2021 00:47:13 GMT"}, {"title": "Covid-19: More variant hotspots to get surge tests and jabs", "description": "The emergence of the Indian variant makes vaccinations \"even more important\", Matt Hancock says.", "link": "https://www.bbc.co.uk/news/uk-57172139", "guid": {"@isPermaLink": "true", "#text": "https://www.bbc.co.uk/news/uk-57172139"}, "pubDate": "Wed, 19 May 2021 18:58:42 GMT"}, {"title": "How the civil service is posher than in the 1960s", "description": "A behavioural code makes it harder for working-class mandarins to reach the top, report says.", "link": "https://www.bbc.co.uk/news/uk-57172634", "guid": {"@isPermaLink": "true", "#text": "https://www.bbc.co.uk/news/uk-57172634"}, "pubDate": "Wed, 19 May 2021 23:52:44 GMT"}, {"title": "Brexit: Violence 'a last resort', loyalists tell MPs", "description": "Loyalist Communities Council members appear before the Northern Ireland Affairs Committee.", "link": "https://www.bbc.co.uk/news/uk-northern-ireland-57170529", "guid": {"@isPermaLink": "true", "#text": "https://www.bbc.co.uk/news/uk-northern-ireland-57170529"}, "pubDate": "Wed, 19 May 2021 15:45:45 GMT"}, {"title": "Brexit: Boris Johnson prepared to throw farmers under bus, says SNP", "description": "Ian Blackford attacks a proposed Australian trade deal, but the PM says it is a \"massive opportunity\".", "link": "https://www.bbc.co.uk/news/uk-politics-57169471", "guid": {"@isPermaLink": "true", "#text": "https://www.bbc.co.uk/news/uk-politics-57169471"}, "pubDate": "Wed, 19 May 2021 21:47:03 GMT"}, {"title": "Ballymurphy: Boris Johnson apologises in House of Commons", "description": "Boris Johnson tells MPs he is sorry for the handling of investigations into the 10 deaths in 1971.", "link": "https://www.bbc.co.uk/news/uk-northern-ireland-57171119", "guid": {"@isPermaLink": "true", "#text": "https://www.bbc.co.uk/news/uk-northern-ireland-57171119"}, "pubDate": "Wed, 19 May 2021 16:57:30 GMT"}, {"title": "Unmarried parents must get bereavement pay - MPs", "description": "Ministers have been urged to act on a pledge to extend the benefit to co-habiting couples.", "link": "https://www.bbc.co.uk/news/uk-politics-57175593", "guid": {"@isPermaLink": "true", "#text": "https://www.bbc.co.uk/news/uk-politics-57175593"}, "pubDate": "Wed, 19 May 2021 19:40:40 GMT"}, {"title": "Nicola Sturgeon appoints new health and education secretaries", "description": "The first minister unveils her revamped cabinet team, with several new faces being appointed to key roles.", "link": "https://www.bbc.co.uk/news/uk-scotland-57169123", "guid": {"@isPermaLink": "true", "#text": "https://www.bbc.co.uk/news/uk-scotland-57169123"}, "pubDate": "Wed, 19 May 2021 19:57:13 GMT"}, {"title": "Covid: Government criticised over pre-pandemic planning", "description": "Ministers failed to prepare for a threat on the scale of the pandemic, the spending watchdog says.", "link": "https://www.bbc.co.uk/news/uk-politics-57160297", "guid": {"@isPermaLink": "true", "#text": "https://www.bbc.co.uk/news/uk-politics-57160297"}, "pubDate": "Thu, 20 May 2021 06:41:34 GMT"}, {"title": "Post Office Horizon scandal inquiry extended after criticism", "description": "Business minister Paul Scully says the bolstered inquiry \"will get to the bottom of this appalling affair\".", "link": "https://www.bbc.co.uk/news/business-57173296", "guid": {"@isPermaLink": "true", "#text": "https://www.bbc.co.uk/news/business-57173296"}, "pubDate": "Wed, 19 May 2021 13:52:54 GMT"}, {"title": "UK must do better over electric cars - MPs", "description": "They're still too expensive and there are not enough charging points, a report warns.", "link": "https://www.bbc.co.uk/news/uk-politics-57160298", "guid": {"@isPermaLink": "true", "#text": "https://www.bbc.co.uk/news/uk-politics-57160298"}, "pubDate": "Tue, 18 May 2021 23:02:42 GMT"}, {"title": "UK farmers sound alarm over Australia trade talks", "description": "Labour accuse the government of a \"sell-out\" amid reports of a Cabinet rift over free trade deal.", "link": "https://www.bbc.co.uk/news/business-57157094", "guid": {"@isPermaLink": "true", "#text": "https://www.bbc.co.uk/news/business-57157094"}, "pubDate": "Tue, 18 May 2021 17:15:42 GMT"}, {"title": "Don't holiday in amber list countries - Boris Johnson", "description": "Boris Johnson says not to go but some travel firms are refusing refunds for those destinations.", "link": "https://www.bbc.co.uk/news/business-57158372", "guid": {"@isPermaLink": "true", "#text": "https://www.bbc.co.uk/news/business-57158372"}, "pubDate": "Wed, 19 May 2021 04:17:28 GMT"}, {"title": "Mark Drakeford backs calls for bigger Welsh Parliament", "description": "The Senedd could expand from 60 to up to 90 members, which could cost \u00a312m more a year.", "link": "https://www.bbc.co.uk/news/uk-wales-politics-57116856", "guid": {"@isPermaLink": "true", "#text": "https://www.bbc.co.uk/news/uk-wales-politics-57116856"}, "pubDate": "Wed, 19 May 2021 14:12:38 GMT"}, {"title": "Covid: Nurse who cared for PM resigns from NHS", "description": "Jenny McGee says NHS workers are not getting the pay or respect they deserve from the government.", "link": "https://www.bbc.co.uk/news/uk-57162428", "guid": {"@isPermaLink": "true", "#text": "https://www.bbc.co.uk/news/uk-57162428"}, "pubDate": "Tue, 18 May 2021 17:40:55 GMT"}, {"title": "Covid: Dominic Cummings accuses government of secrecy", "description": "The PM's ex-adviser posts tweets calling the handling of the pandemic \"part disaster, part non-existent\".", "link": "https://www.bbc.co.uk/news/uk-politics-57160291", "guid": {"@isPermaLink": "true", "#text": "https://www.bbc.co.uk/news/uk-politics-57160291"}, "pubDate": "Tue, 18 May 2021 15:26:23 GMT"}, {"title": "Committee chair criticises lack of direction for levelling-up agenda", "description": "\"That was probably one of the poorest ministerial sessions I've chaired,\" Darren Jones told ministers.", "link": "https://www.bbc.co.uk/news/uk-politics-57160874", "guid": {"@isPermaLink": "true", "#text": "https://www.bbc.co.uk/news/uk-politics-57160874"}, "pubDate": "Tue, 18 May 2021 16:39:33 GMT"}, {"title": "House of Lords: 47 peers rebuked for missing anti-bullying training", "description": "A watchdog says they broke House of Lords rules by not taking the mandatory training by 1 April.", "link": "https://www.bbc.co.uk/news/uk-politics-57158866", "guid": {"@isPermaLink": "true", "#text": "https://www.bbc.co.uk/news/uk-politics-57158866"}, "pubDate": "Tue, 18 May 2021 13:05:14 GMT"}, {"title": "Edwin Poots: Arlene Foster's exit is 'rough and tumble' of politics", "description": "DUP leader-designate Edwin Poots says he would \"assume\" it may happen to him at some stage.", "link": "https://www.bbc.co.uk/news/uk-northern-ireland-57160315", "guid": {"@isPermaLink": "true", "#text": "https://www.bbc.co.uk/news/uk-northern-ireland-57160315"}, "pubDate": "Tue, 18 May 2021 16:43:24 GMT"}, {"title": "Nicola Sturgeon re-elected as Scotland's first minister", "description": "The SNP leader comfortably defeats her Conservative and Liberal Democrat counterparts in a vote of MSPs.", "link": "https://www.bbc.co.uk/news/uk-scotland-scotland-politics-57146752", "guid": {"@isPermaLink": "true", "#text": "https://www.bbc.co.uk/news/uk-scotland-scotland-politics-57146752"}, "pubDate": "Tue, 18 May 2021 14:18:13 GMT"}, {"title": "Porn blocker 'missing' from Online Safety Bill prompts concern", "description": "Campaigners are \"astonished\" that a promised age check for porn is not in the Online Safety Bill.", "link": "https://www.bbc.co.uk/news/technology-57143746", "guid": {"@isPermaLink": "true", "#text": "https://www.bbc.co.uk/news/technology-57143746"}, "pubDate": "Tue, 18 May 2021 00:03:16 GMT"}, {"title": "NI fishermen say incomes lost over licence delays", "description": "There has been a delay in issuing licences for NI fishermen to access Irish waters.", "link": "https://www.bbc.co.uk/news/uk-northern-ireland-57148905", "guid": {"@isPermaLink": "true", "#text": "https://www.bbc.co.uk/news/uk-northern-ireland-57148905"}, "pubDate": "Tue, 18 May 2021 12:30:54 GMT"}, {"title": "Green light for 'net zero' equivalent for nature", "description": "The government promises to \"halt the decline of nature\" as part of a drive to improve the environment.", "link": "https://www.bbc.co.uk/news/science-environment-57152169", "guid": {"@isPermaLink": "true", "#text": "https://www.bbc.co.uk/news/science-environment-57152169"}, "pubDate": "Tue, 18 May 2021 16:53:55 GMT"}, {"title": "Diana interview: PM concerned after inquiry into BBC conduct", "description": "The prime minister reacts to the findings of an inquiry into the BBC's 1995 interview with the Princess Wales.", "link": "https://www.bbc.co.uk/news/uk-57203351", "guid": {"@isPermaLink": "true", "#text": "https://www.bbc.co.uk/news/uk-57203351"}, "pubDate": "Fri, 21 May 2021 13:03:15 GMT"}, {"title": "Councils should do their own Covid contact tracing - Hunt", "description": "Health Committee chair Jeremy Hunt says local authorities in England should be able to see Covid data.", "link": "https://www.bbc.co.uk/news/uk-politics-57192379", "guid": {"@isPermaLink": "true", "#text": "https://www.bbc.co.uk/news/uk-politics-57192379"}, "pubDate": "Thu, 20 May 2021 17:02:25 GMT"}, {"title": "'If you're not on Instagram, you don't exist'", "description": "The Bishop of Birmingham tells the House of Lords about importance social media for young people.", "link": "https://www.bbc.co.uk/news/uk-politics-57192377", "guid": {"@isPermaLink": "true", "#text": "https://www.bbc.co.uk/news/uk-politics-57192377"}, "pubDate": "Thu, 20 May 2021 15:20:12 GMT"}, {"title": "Meet the YouTubers who stood for mayor of London", "description": "Niko Omilana and Max Fosh are two prominent YouTubers who stood for London mayor at the election.", "link": "https://www.bbc.co.uk/news/uk-england-london-57177138", "guid": {"@isPermaLink": "true", "#text": "https://www.bbc.co.uk/news/uk-england-london-57177138"}, "pubDate": "Wed, 19 May 2021 23:01:12 GMT"}, {"title": "Transport Secretary Grant Shapps claims rail restructure will simplify fares", "description": "Transport Secretary Grant Shapps claims rail restructure will simplify fares and create accountability.", "link": "https://www.bbc.co.uk/news/uk-politics-57183339", "guid": {"@isPermaLink": "true", "#text": "https://www.bbc.co.uk/news/uk-politics-57183339"}, "pubDate": "Thu, 20 May 2021 07:14:45 GMT"}, {"title": "What are the India, Brazil, South Africa and UK variants?", "description": "In some parts of the UK coronavirus cases are rising due to a variant from India that spreads more easily.", "link": "https://www.bbc.co.uk/news/health-55659820", "guid": {"@isPermaLink": "true", "#text": "https://www.bbc.co.uk/news/health-55659820"}, "pubDate": "Sun, 16 May 2021 18:19:55 GMT"}, {"title": "What investigations is the government facing?", "description": "From the Greensill affair to renovations of Boris Johnson's flat, lots of questions are being asked.", "link": "https://www.bbc.co.uk/news/uk-politics-56926219", "guid": {"@isPermaLink": "true", "#text": "https://www.bbc.co.uk/news/uk-politics-56926219"}, "pubDate": "Fri, 14 May 2021 13:49:33 GMT"}, {"title": "Levelling up and Boris Johnson's agenda", "description": "The government is promising to take more action on levelling up this year.", "link": "https://www.bbc.co.uk/news/56238260", "guid": {"@isPermaLink": "true", "#text": "https://www.bbc.co.uk/news/56238260"}, "pubDate": "Tue, 11 May 2021 13:57:13 GMT"}, {"title": "DUP leadership: The party that went from firebrands to government", "description": "BBC News NI traces the history of the Democratic Unionist Party (DUP), ahead of a leadership contest.", "link": "https://www.bbc.co.uk/news/uk-northern-ireland-56951136", "guid": {"@isPermaLink": "true", "#text": "https://www.bbc.co.uk/news/uk-northern-ireland-56951136"}, "pubDate": "Fri, 14 May 2021 05:34:55 GMT"}, {"title": "Local elections: Gen Z councillors hope to shape communities", "description": "Five politicians aged under 30 speak about why they stood in the local council elections.", "link": "https://www.bbc.co.uk/news/uk-england-57071394", "guid": {"@isPermaLink": "true", "#text": "https://www.bbc.co.uk/news/uk-england-57071394"}, "pubDate": "Thu, 13 May 2021 05:16:19 GMT"}, {"title": "Queen's Speech 2021: Key points at-a-glance", "description": "New laws on housing, animal welfare and elections feature in the government's plans for next year.", "link": "https://www.bbc.co.uk/news/uk-politics-56987630", "guid": {"@isPermaLink": "true", "#text": "https://www.bbc.co.uk/news/uk-politics-56987630"}, "pubDate": "Tue, 11 May 2021 12:36:47 GMT"}, {"title": "Queen's Speech debate: Waiting lists, social care and other claims fact-checked", "description": "Politicians debated the government's plans - set out in the Queen's Speech - and made a series of claims on subjects including hospital waiting lists and social care.", "link": "https://www.bbc.co.uk/news/57076024", "guid": {"@isPermaLink": "true", "#text": "https://www.bbc.co.uk/news/57076024"}, "pubDate": "Wed, 12 May 2021 15:07:51 GMT"}, {"title": "In pictures: Commons marks 80 years since WW2 bombing", "description": "Speaker Sir Lindsay Hoyle commemorates those who died when a Luftwaffe attack destroyed the Commons chamber.", "link": "https://www.bbc.co.uk/news/uk-politics-57088372", "guid": {"@isPermaLink": "true", "#text": "https://www.bbc.co.uk/news/uk-politics-57088372"}, "pubDate": "Wed, 12 May 2021 14:08:47 GMT"}, {"title": "Covid inquiry: What is it and how will it work?", "description": "An independent public inquiry has been announced, but how will it work?", "link": "https://www.bbc.co.uk/news/explainers-57085964", "guid": {"@isPermaLink": "true", "#text": "https://www.bbc.co.uk/news/explainers-57085964"}, "pubDate": "Wed, 12 May 2021 15:04:14 GMT"}, {"title": "Elections 2021: Should Tories worry about losses in their 'Blue Wall'?", "description": "The party suffered some eye-catching losses in the south of England during the local elections.", "link": "https://www.bbc.co.uk/news/uk-politics-57057391", "guid": {"@isPermaLink": "true", "#text": "https://www.bbc.co.uk/news/uk-politics-57057391"}, "pubDate": "Mon, 10 May 2021 15:15:08 GMT"}, {"title": "Voting: Could ID checks affect who participates in elections?", "description": "The government says it will pass a law requiring identification to vote.", "link": "https://www.bbc.co.uk/news/uk-politics-50044539", "guid": {"@isPermaLink": "true", "#text": "https://www.bbc.co.uk/news/uk-politics-50044539"}, "pubDate": "Tue, 11 May 2021 11:39:06 GMT"}, {"title": "Freeports: What are they and where will they be?", "description": "Further details about England's new freeports were announced in the Queen's Speech.", "link": "https://www.bbc.co.uk/news/uk-politics-55819489", "guid": {"@isPermaLink": "true", "#text": "https://www.bbc.co.uk/news/uk-politics-55819489"}, "pubDate": "Tue, 11 May 2021 11:52:53 GMT"}, {"title": "What will the new West Yorkshire mayor's priorities be?", "description": "Tracy Brabin has been elected as West Yorkshire's first mayor, but what tasks will be highest on her agenda?", "link": "https://www.bbc.co.uk/news/uk-england-leeds-57048458", "guid": {"@isPermaLink": "true", "#text": "https://www.bbc.co.uk/news/uk-england-leeds-57048458"}, "pubDate": "Mon, 10 May 2021 08:47:44 GMT"}, {"title": "Four key election takeaways in maps and charts", "description": "What have we learned after a bumper crop of elections?", "link": "https://www.bbc.co.uk/news/uk-politics-57031010", "guid": {"@isPermaLink": "true", "#text": "https://www.bbc.co.uk/news/uk-politics-57031010"}, "pubDate": "Mon, 10 May 2021 12:57:43 GMT"}, {"title": "Elections 2021: Labour insiders on Starmer, what went wrong and how to fix it", "description": "Sir Keir Starmer took charge of Labour a year ago and has faced his first challenge at the polls.", "link": "https://www.bbc.co.uk/news/uk-politics-57024995", "guid": {"@isPermaLink": "true", "#text": "https://www.bbc.co.uk/news/uk-politics-57024995"}, "pubDate": "Fri, 07 May 2021 13:42:18 GMT"}, {"title": "2021 elections: What are the results in my area?", "description": "National elections in Scotland and Wales and local elections in England took place on 6 May 2021.", "link": "https://www.bbc.co.uk/news/56129210", "guid": {"@isPermaLink": "true", "#text": "https://www.bbc.co.uk/news/56129210"}, "pubDate": "Thu, 06 May 2021 21:06:49 GMT"}, {"title": "DUP: Who are the leadership contenders?", "description": "BBC News NI looks at the two contenders to succeed Arlene Foster at the helm of the party.", "link": "https://www.bbc.co.uk/news/uk-northern-ireland-56915407", "guid": {"@isPermaLink": "true", "#text": "https://www.bbc.co.uk/news/uk-northern-ireland-56915407"}, "pubDate": "Fri, 14 May 2021 05:26:59 GMT"}, {"title": "PMQs: Five Boris Johnson claims fact-checked", "description": "Investigating claims about flat renovations, vaccines and misleading statements.", "link": "https://www.bbc.co.uk/news/56915918", "guid": {"@isPermaLink": "true", "#text": "https://www.bbc.co.uk/news/56915918"}, "pubDate": "Wed, 28 Apr 2021 15:34:27 GMT"}, {"title": "Downing Street flat: What are the rules about political donations?", "description": "Boris Johnson is under mounting pressure over the funding of his Downing Street flat renovations.", "link": "https://www.bbc.co.uk/news/uk-politics-56893165", "guid": {"@isPermaLink": "true", "#text": "https://www.bbc.co.uk/news/uk-politics-56893165"}, "pubDate": "Wed, 28 Apr 2021 12:52:49 GMT"}, {"title": "Senedd 2021: What happened to Labour's 'red wall' in Wales?", "description": "The former Labour stronghold fell to the Conservatives in the 2019 general election.", "link": "https://www.bbc.co.uk/news/uk-wales-politics-56929070", "guid": {"@isPermaLink": "true", "#text": "https://www.bbc.co.uk/news/uk-wales-politics-56929070"}, "pubDate": "Fri, 30 Apr 2021 05:17:59 GMT"}, {"title": "Former Hartlepool hits - purple powder and the Hokey Cokey", "description": "Hartlepool's last by-election in 2004 was a colourful affair and full of characters.", "link": "https://www.bbc.co.uk/news/uk-england-tees-56589799", "guid": {"@isPermaLink": "true", "#text": "https://www.bbc.co.uk/news/uk-england-tees-56589799"}, "pubDate": "Tue, 04 May 2021 05:21:14 GMT"}, {"title": "Scottish election 2021: Five unknowns which could decide the race", "description": "How could turnout, the pandemic, smaller parties and key constituency races affect the Holyrood result?", "link": "https://www.bbc.co.uk/news/uk-scotland-scotland-politics-56893256", "guid": {"@isPermaLink": "true", "#text": "https://www.bbc.co.uk/news/uk-scotland-scotland-politics-56893256"}, "pubDate": "Wed, 28 Apr 2021 22:03:30 GMT"}, {"title": "Nothing certain as Hartlepool election looms", "description": "The traditional political rule about governments losing by-elections do not seem to count for much now.", "link": "https://www.bbc.co.uk/news/uk-politics-56859750", "guid": {"@isPermaLink": "true", "#text": "https://www.bbc.co.uk/news/uk-politics-56859750"}, "pubDate": "Wed, 28 Apr 2021 06:33:38 GMT"}, {"title": "Lobbying row: Why ministers have two mobile phones", "description": "Critics say ministerial messaging desperately needs regulation - but not everyone agrees.", "link": "https://www.bbc.co.uk/news/uk-politics-56842946", "guid": {"@isPermaLink": "true", "#text": "https://www.bbc.co.uk/news/uk-politics-56842946"}, "pubDate": "Fri, 23 Apr 2021 13:35:31 GMT"}, {"title": "Scottish election 2021: Can unionists block another independence referendum?", "description": "In the second of two Scottish election pieces, we look at the parties opposing another vote on independence.", "link": "https://www.bbc.co.uk/news/uk-scotland-scotland-politics-56835961", "guid": {"@isPermaLink": "true", "#text": "https://www.bbc.co.uk/news/uk-scotland-scotland-politics-56835961"}, "pubDate": "Thu, 22 Apr 2021 05:03:25 GMT"}, {"title": "European Super League: Why Johnson and Starmer dived into the row", "description": "Loads of people hated the European Super League. Here's why politicians did.", "link": "https://www.bbc.co.uk/news/uk-politics-56832485", "guid": {"@isPermaLink": "true", "#text": "https://www.bbc.co.uk/news/uk-politics-56832485"}, "pubDate": "Wed, 21 Apr 2021 14:47:13 GMT"}, {"title": "Greensill: What is the David Cameron lobbying row about?", "description": "Why former PM David Cameron is being investigated over his links with a controversial financier.", "link": "https://www.bbc.co.uk/news/uk-politics-56578838", "guid": {"@isPermaLink": "true", "#text": "https://www.bbc.co.uk/news/uk-politics-56578838"}, "pubDate": "Thu, 13 May 2021 16:48:55 GMT"}, {"title": "Line of Duty: Who is the Ted Hastings of Westminster?", "description": "The Line of Duty references have been flying thick and fast as MPs argue over the lobbying row.", "link": "https://www.bbc.co.uk/news/uk-politics-56759634", "guid": {"@isPermaLink": "true", "#text": "https://www.bbc.co.uk/news/uk-politics-56759634"}, "pubDate": "Thu, 15 Apr 2021 14:42:15 GMT"}, {"title": "Unite contest: Who's running and what's at stake?", "description": "Iain Watson looks at the candidates to succeed Len McCluskey as leader of the union.", "link": "https://www.bbc.co.uk/news/uk-politics-56747546", "guid": {"@isPermaLink": "true", "#text": "https://www.bbc.co.uk/news/uk-politics-56747546"}, "pubDate": "Wed, 14 Apr 2021 15:31:44 GMT"}, {"title": "Stop treating rough sleepers as vagrants, say MPs", "description": "The 1824 Vagrancy Act must be repealed to help deal with homelessness, ministers are told.", "link": "https://www.bbc.co.uk/news/uk-politics-56740109", "guid": {"@isPermaLink": "true", "#text": "https://www.bbc.co.uk/news/uk-politics-56740109"}, "pubDate": "Wed, 14 Apr 2021 18:31:08 GMT"}, {"title": "Where do Scots parties stand in opinion polls?", "description": "Prof Sir John Curtice looks at what the polls tell us about the Holyrood election race so far.", "link": "https://www.bbc.co.uk/news/uk-scotland-scotland-politics-56730527", "guid": {"@isPermaLink": "true", "#text": "https://www.bbc.co.uk/news/uk-scotland-scotland-politics-56730527"}, "pubDate": "Tue, 13 Apr 2021 09:09:13 GMT"}, {"title": "Shirley Williams: Pioneer who tried to reshape politics", "description": "An obituary of the former Labour cabinet minister, one of the SDP \"Gang of Four\" who became a Lib Dem peer.", "link": "https://www.bbc.co.uk/news/uk-10258493", "guid": {"@isPermaLink": "true", "#text": "https://www.bbc.co.uk/news/uk-10258493"}, "pubDate": "Mon, 12 Apr 2021 15:06:16 GMT"}, {"title": "Greensill: The questions still facing David Cameron", "description": "The ex-prime minister's post-Downing Street business career is coming under increased scrutiny.", "link": "https://www.bbc.co.uk/news/uk-politics-56716312", "guid": {"@isPermaLink": "true", "#text": "https://www.bbc.co.uk/news/uk-politics-56716312"}, "pubDate": "Mon, 12 Apr 2021 16:35:11 GMT"}, {"title": "Analysis: What is Brexit doing to Northern Ireland?", "description": "Anger over post-Brexit trading rules is a factor in the violence that has erupted, writes Adam Fleming.", "link": "https://www.bbc.co.uk/news/uk-politics-56678489", "guid": {"@isPermaLink": "true", "#text": "https://www.bbc.co.uk/news/uk-politics-56678489"}, "pubDate": "Fri, 09 Apr 2021 08:55:15 GMT"}, {"title": "Scottish election 2021: Will the suspension of campaigning affect the Holyrood vote?", "description": "Holyrood election campaigning is to resume but will the suspension have any impact on the election?", "link": "https://www.bbc.co.uk/news/uk-scotland-scotland-politics-56717776", "guid": {"@isPermaLink": "true", "#text": "https://www.bbc.co.uk/news/uk-scotland-scotland-politics-56717776"}, "pubDate": "Tue, 13 Apr 2021 05:09:48 GMT"}, {"title": "Scottish election 2021: Will there be a record number of female MSPs?", "description": "A new crop of MSPs will be elected on 6 May - but how well will they reflect the population voting for them?", "link": "https://www.bbc.co.uk/news/uk-scotland-scotland-politics-56661902", "guid": {"@isPermaLink": "true", "#text": "https://www.bbc.co.uk/news/uk-scotland-scotland-politics-56661902"}, "pubDate": "Fri, 09 Apr 2021 05:18:28 GMT"}, {"title": "Race report: Was controversy part of the plan?", "description": "How the government handled the release of a contentious report on racial disparity in the UK.", "link": "https://www.bbc.co.uk/news/uk-politics-56578839", "guid": {"@isPermaLink": "true", "#text": "https://www.bbc.co.uk/news/uk-politics-56578839"}, "pubDate": "Sat, 03 Apr 2021 11:14:44 GMT"}, {"title": "How tampon tax, hedgerows and sanctions have changed since Brexit", "description": "Tampon tax, hedgerows and sanctions: what's changed since Brexit?", "link": "https://www.bbc.co.uk/news/uk-politics-56580419", "guid": {"@isPermaLink": "true", "#text": "https://www.bbc.co.uk/news/uk-politics-56580419"}, "pubDate": "Wed, 31 Mar 2021 01:18:34 GMT"}, {"title": "Should airports be allowed to expand?", "description": "Climate change: Should aviation be allowed to expand?", "link": "https://www.bbc.co.uk/news/science-environment-56567182", "guid": {"@isPermaLink": "true", "#text": "https://www.bbc.co.uk/news/science-environment-56567182"}, "pubDate": "Thu, 01 Apr 2021 00:25:42 GMT"}, {"title": "Keeping Parliament clean in a pandemic", "description": "The team making sure the Palace of Westminster is spick and span describes a year like no other.", "link": "https://www.bbc.co.uk/news/uk-politics-56541374", "guid": {"@isPermaLink": "true", "#text": "https://www.bbc.co.uk/news/uk-politics-56541374"}, "pubDate": "Sun, 28 Mar 2021 00:41:35 GMT"}, {"title": "Covid: Do all tier 3 area workers get 80% of their wages?", "description": "The prime minister claims workers will get 80% of their wages. Will they?", "link": "https://www.bbc.co.uk/news/54633147", "guid": {"@isPermaLink": "true", "#text": "https://www.bbc.co.uk/news/54633147"}, "pubDate": "Wed, 21 Oct 2020 15:07:05 GMT"}]