[{"title": "'We offered a $300 bonus to get staff for our restaurant'", "description": "Restaurants in the United States are struggling to fill jobs as lockdown restrictions ease.", "link": "https://www.bbc.co.uk/news/business-57159261", "guid": {"@isPermaLink": "true", "#text": "https://www.bbc.co.uk/news/business-57159261"}, "pubDate": "Fri, 21 May 2021 21:00:07 GMT"}, {"title": "Heathrow Airport to open terminal for 'red list' arrivals", "description": "The airport faced criticism after arrivals from countries with a high Covid risk were made to queue with other passengers.", "link": "https://www.bbc.co.uk/news/business-57206018", "guid": {"@isPermaLink": "true", "#text": "https://www.bbc.co.uk/news/business-57206018"}, "pubDate": "Fri, 21 May 2021 16:08:21 GMT"}, {"title": "Amazon shuts US construction site as nooses found", "description": "The online retail giant shut down construction of a factory in Connecticut after seven nooses were found.", "link": "https://www.bbc.co.uk/news/business-57206701", "guid": {"@isPermaLink": "true", "#text": "https://www.bbc.co.uk/news/business-57206701"}, "pubDate": "Fri, 21 May 2021 16:15:20 GMT"}, {"title": "Apple v Epic: Tim Cook appears on the stand in Epic legal row", "description": "Apple's boss Tim Cook appears on the witness stand in the high-profile legal row with Epic Games.", "link": "https://www.bbc.co.uk/news/technology-57199547", "guid": {"@isPermaLink": "true", "#text": "https://www.bbc.co.uk/news/technology-57199547"}, "pubDate": "Fri, 21 May 2021 21:36:44 GMT"}, {"title": "McDonald's: Animal rights group blockades depots, activists say", "description": "Animal Rebellion says it is stopping restaurant supplies from leaving four UK distribution centres.", "link": "https://www.bbc.co.uk/news/uk-57210428", "guid": {"@isPermaLink": "true", "#text": "https://www.bbc.co.uk/news/uk-57210428"}, "pubDate": "Sat, 22 May 2021 11:44:09 GMT"}, {"title": "Leonard Blavatnik named UK's richest person with \u00a323bn fortune", "description": "Sir Leonard Blavatnik topples Sir James Dyson as the UK's richest person, according to the Sunday Times Rich List.", "link": "https://www.bbc.co.uk/news/business-57199171", "guid": {"@isPermaLink": "true", "#text": "https://www.bbc.co.uk/news/business-57199171"}, "pubDate": "Fri, 21 May 2021 12:52:00 GMT"}, {"title": "Retail sales soar 9.2% in April as shops reopen", "description": "Retail sales jump 9.2% in April as people returning to work and going out \"update their wardrobes\".", "link": "https://www.bbc.co.uk/news/business-57187731", "guid": {"@isPermaLink": "true", "#text": "https://www.bbc.co.uk/news/business-57187731"}, "pubDate": "Fri, 21 May 2021 10:12:14 GMT"}, {"title": "'Mad rush' to buy homes faded in April", "description": "Property sales fell from the record highs of March, but analysts say activity is still high in the market.", "link": "https://www.bbc.co.uk/news/business-57200503", "guid": {"@isPermaLink": "true", "#text": "https://www.bbc.co.uk/news/business-57200503"}, "pubDate": "Fri, 21 May 2021 11:47:19 GMT"}, {"title": "UK makes free-trade offer to Australia despite farmers' fears", "description": "The UK offers to phase out import taxes over 15 years, as UK farmers warn they could go bust.", "link": "https://www.bbc.co.uk/news/uk-politics-57198607", "guid": {"@isPermaLink": "true", "#text": "https://www.bbc.co.uk/news/uk-politics-57198607"}, "pubDate": "Fri, 21 May 2021 18:13:05 GMT"}, {"title": "Car buyers still sceptical about going electric, says Ford boss", "description": "The car giant's UK boss tells the BBC says shifting away from petrol and diesel cars will need more government support.", "link": "https://www.bbc.co.uk/news/business-57200593", "guid": {"@isPermaLink": "true", "#text": "https://www.bbc.co.uk/news/business-57200593"}, "pubDate": "Fri, 21 May 2021 13:53:54 GMT"}, {"title": "Coronavirus: Spain to lift restrictions for UK and Japanese travellers", "description": "UK tourists will be free to enter the country without a negative Covid-19 PCR test from Monday.", "link": "https://www.bbc.co.uk/news/world-europe-57199791", "guid": {"@isPermaLink": "true", "#text": "https://www.bbc.co.uk/news/world-europe-57199791"}, "pubDate": "Fri, 21 May 2021 21:17:16 GMT"}, {"title": "Higher plastic bag charge comes into force in England", "description": "Single-use plastic carrier bags in English shops now cost 10p, twice the previous price.", "link": "https://www.bbc.co.uk/news/business-57193108", "guid": {"@isPermaLink": "true", "#text": "https://www.bbc.co.uk/news/business-57193108"}, "pubDate": "Thu, 20 May 2021 23:00:47 GMT"}, {"title": "'I pay more than \u00a39,000 a year for my season ticket'", "description": "As rail reforms loom, commuters tell the BBC about the problems they face with UK train services.", "link": "https://www.bbc.co.uk/news/business-57186489", "guid": {"@isPermaLink": "true", "#text": "https://www.bbc.co.uk/news/business-57186489"}, "pubDate": "Thu, 20 May 2021 23:00:23 GMT"}, {"title": "Somerset hoteliers worry they face mass cancellations", "description": "Tourism businesses had hoped for a \"staycation boom\" to repay losses suffered during lockdowns.", "link": "https://www.bbc.co.uk/news/uk-england-somerset-57187904", "guid": {"@isPermaLink": "true", "#text": "https://www.bbc.co.uk/news/uk-england-somerset-57187904"}, "pubDate": "Fri, 21 May 2021 05:20:30 GMT"}, {"title": "WeWork reports $2bn loss ahead of stock market debut", "description": "The troubled office-sharing startup's business was hit particularly hard by the coronavirus pandemic.", "link": "https://www.bbc.co.uk/news/business-57196488", "guid": {"@isPermaLink": "true", "#text": "https://www.bbc.co.uk/news/business-57196488"}, "pubDate": "Fri, 21 May 2021 04:33:51 GMT"}, {"title": "Oatly: Oprah-backed firm's shares soar in stock market debut", "description": "The Swedish-based alternative milk brand has been backed by other celebrities such as Jay-Z.", "link": "https://www.bbc.co.uk/news/business-57159264", "guid": {"@isPermaLink": "true", "#text": "https://www.bbc.co.uk/news/business-57159264"}, "pubDate": "Thu, 20 May 2021 16:36:34 GMT"}, {"title": "Elon Musk UK visit drives Tesla factory rumours", "description": "A two-day stop in the UK has ignited speculation that the tech mogul is looking for factory sites.", "link": "https://www.bbc.co.uk/news/technology-57185806", "guid": {"@isPermaLink": "true", "#text": "https://www.bbc.co.uk/news/technology-57185806"}, "pubDate": "Thu, 20 May 2021 11:00:50 GMT"}, {"title": "Rail reform: What does the shake-up mean for you?", "description": "How will a government promise to simplify the UK's \"complicated\" rail network impact passengers and fares.", "link": "https://www.bbc.co.uk/news/business-57187882", "guid": {"@isPermaLink": "true", "#text": "https://www.bbc.co.uk/news/business-57187882"}, "pubDate": "Thu, 20 May 2021 17:35:02 GMT"}, {"title": "Amber list travel is legal, says EasyJet boss", "description": "Government guidance on travel to amber list countries is \"very confusing\", says Johan Lundgren.", "link": "https://www.bbc.co.uk/news/business-57176431", "guid": {"@isPermaLink": "true", "#text": "https://www.bbc.co.uk/news/business-57176431"}, "pubDate": "Thu, 20 May 2021 09:53:48 GMT"}, {"title": "Australia trade deal: Ministers discuss British farmers' concerns", "description": "UK sheep and beef farmers are worried they could be undercut in a trade agreement by rivals with larger herds.", "link": "https://www.bbc.co.uk/news/uk-politics-57183329", "guid": {"@isPermaLink": "true", "#text": "https://www.bbc.co.uk/news/uk-politics-57183329"}, "pubDate": "Thu, 20 May 2021 17:08:55 GMT"}, {"title": "Out in Brighton on first Friday after rules ease", "description": "\"Life is meant for living and we are living it,\" says one woman, as people enjoy indoor pubs and restaurants.", "link": "https://www.bbc.co.uk/news/business-57209445", "guid": {"@isPermaLink": "true", "#text": "https://www.bbc.co.uk/news/business-57209445"}, "pubDate": "Sat, 22 May 2021 00:01:49 GMT"}, {"title": "Why video calls might be behind a rise in male cosmetic surgery", "description": "A third of UK plastic surgeons say they have seen a jump in enquiries from men over the past year.", "link": "https://www.bbc.co.uk/news/business-57156535", "guid": {"@isPermaLink": "true", "#text": "https://www.bbc.co.uk/news/business-57156535"}, "pubDate": "Wed, 19 May 2021 23:03:05 GMT"}, {"title": "UK-Australia trade deal: What are the arguments for and against?", "description": "The government wants to finalise negotiations by early June.", "link": "https://www.bbc.co.uk/news/57173498", "guid": {"@isPermaLink": "true", "#text": "https://www.bbc.co.uk/news/57173498"}, "pubDate": "Thu, 20 May 2021 13:10:56 GMT"}, {"title": "CEO Secrets: 'Perfectionism can hold women back'", "description": "Code First Girls' Anna Brailsford says perfectionism can hold women back, but it can be overcome.", "link": "https://www.bbc.co.uk/news/business-57060761", "guid": {"@isPermaLink": "true", "#text": "https://www.bbc.co.uk/news/business-57060761"}, "pubDate": "Tue, 18 May 2021 23:03:49 GMT"}, {"title": "Should encryption be curbed to combat child abuse?", "description": "Cyber-security experts, tech firms and lawyers weigh in on the end-to-end encryption debate.", "link": "https://www.bbc.co.uk/news/business-57050689", "guid": {"@isPermaLink": "true", "#text": "https://www.bbc.co.uk/news/business-57050689"}, "pubDate": "Wed, 19 May 2021 15:59:37 GMT"}, {"title": "The app that lets you pay to control another person's life", "description": "NewNew aims to connect artists with their fans who can vote on aspects of their work and daily life.", "link": "https://www.bbc.co.uk/news/business-57085557", "guid": {"@isPermaLink": "true", "#text": "https://www.bbc.co.uk/news/business-57085557"}, "pubDate": "Sun, 16 May 2021 23:03:06 GMT"}, {"title": "Why is Huawei still in the UK?", "description": "Huawei defends its links with British universities, says it admires UK innovation", "link": "https://www.bbc.co.uk/news/technology-57146140", "guid": {"@isPermaLink": "true", "#text": "https://www.bbc.co.uk/news/technology-57146140"}, "pubDate": "Mon, 17 May 2021 16:43:42 GMT"}, {"title": "Debenhams: 'It's only fixtures and fittings, we'll still be friends'", "description": "Staff reminisce about the Mansfield branch of Debenhams, which closed this week, after five decades.", "link": "https://www.bbc.co.uk/news/business-57098746", "guid": {"@isPermaLink": "true", "#text": "https://www.bbc.co.uk/news/business-57098746"}, "pubDate": "Fri, 14 May 2021 20:55:58 GMT"}, {"title": "Building's hard problem - making concrete green", "description": "Concrete accounts for 8% of carbon dioxide emissions, but some firms are hoping to cut that down.", "link": "https://www.bbc.co.uk/news/business-56716859", "guid": {"@isPermaLink": "true", "#text": "https://www.bbc.co.uk/news/business-56716859"}, "pubDate": "Thu, 13 May 2021 23:06:29 GMT"}, {"title": "Jeff Bezos and the secretive world of superyachts", "description": "The world's richest man will reportedly set sail next month on one of the largest superyachts ever built.", "link": "https://www.bbc.co.uk/news/world-us-canada-57079327", "guid": {"@isPermaLink": "true", "#text": "https://www.bbc.co.uk/news/world-us-canada-57079327"}, "pubDate": "Thu, 13 May 2021 23:59:02 GMT"}]