[{"title": "Apple v Epic: Tim Cook appears on the stand in Epic legal row", "description": "Apple's boss Tim Cook appears on the witness stand in the high-profile legal row with Epic Games.", "link": "https://www.bbc.co.uk/news/technology-57199547", "guid": {"@isPermaLink": "true", "#text": "https://www.bbc.co.uk/news/technology-57199547"}, "pubDate": "Fri, 21 May 2021 21:36:44 GMT"}, {"title": "Tinder tweak urges people to think before sending abuse", "description": "The dating app will detect abusive messages before they are sent and ask the writer to pause.", "link": "https://www.bbc.co.uk/news/technology-57201044", "guid": {"@isPermaLink": "true", "#text": "https://www.bbc.co.uk/news/technology-57201044"}, "pubDate": "Fri, 21 May 2021 12:04:33 GMT"}, {"title": "The women fighting for digital equality", "description": "The pandemic has both drawn attention to the gender digital divide - and helped close it.", "link": "https://www.bbc.co.uk/news/technology-57193791", "guid": {"@isPermaLink": "true", "#text": "https://www.bbc.co.uk/news/technology-57193791"}, "pubDate": "Fri, 21 May 2021 13:13:40 GMT"}, {"title": "Covid: India tells social media firms to remove 'India variant' from content", "description": "Platforms are told to take down all content that refers to an \"Indian variant\" of the coronavirus.", "link": "https://www.bbc.co.uk/news/world-asia-india-57213046", "guid": {"@isPermaLink": "true", "#text": "https://www.bbc.co.uk/news/world-asia-india-57213046"}, "pubDate": "Sat, 22 May 2021 15:51:17 GMT"}, {"title": "Snapchat Spectacles AR: Augmented reality on your face", "description": "Snap Inc's new specs promise AR overlays through glasses - but are on limited release for now.", "link": "https://www.bbc.co.uk/news/technology-57199548", "guid": {"@isPermaLink": "true", "#text": "https://www.bbc.co.uk/news/technology-57199548"}, "pubDate": "Fri, 21 May 2021 11:46:01 GMT"}, {"title": "Apple criticised for storing data inside China", "description": "The tech giant said it was complying with local law but did not compromise data security.", "link": "https://www.bbc.co.uk/news/technology-57186275", "guid": {"@isPermaLink": "true", "#text": "https://www.bbc.co.uk/news/technology-57186275"}, "pubDate": "Thu, 20 May 2021 17:14:43 GMT"}, {"title": "Irish cyber-attack: Hackers bail out Irish health service for free", "description": "The government says it did not pay for a decryption tool, as hackers threaten to publish stolen data.", "link": "https://www.bbc.co.uk/news/world-europe-57197688", "guid": {"@isPermaLink": "true", "#text": "https://www.bbc.co.uk/news/world-europe-57197688"}, "pubDate": "Fri, 21 May 2021 19:34:55 GMT"}, {"title": "WeWork reports $2bn loss ahead of stock market debut", "description": "The troubled office-sharing startup's business was hit particularly hard by the coronavirus pandemic.", "link": "https://www.bbc.co.uk/news/business-57196488", "guid": {"@isPermaLink": "true", "#text": "https://www.bbc.co.uk/news/business-57196488"}, "pubDate": "Fri, 21 May 2021 04:33:51 GMT"}, {"title": "Ransomware: Should paying hacker ransoms be illegal?", "description": "As cyber-attacks intensify around the world, two experts argue for or against a ban on payments", "link": "https://www.bbc.co.uk/news/technology-57173096", "guid": {"@isPermaLink": "true", "#text": "https://www.bbc.co.uk/news/technology-57173096"}, "pubDate": "Wed, 19 May 2021 23:24:52 GMT"}, {"title": "Farewell (again) to Microsoft's Internet Explorer", "description": "Microsoft has set a deadline for retiring its legacy web browser from consumer versions of Windows 10.", "link": "https://www.bbc.co.uk/news/technology-57186266", "guid": {"@isPermaLink": "true", "#text": "https://www.bbc.co.uk/news/technology-57186266"}, "pubDate": "Thu, 20 May 2021 13:57:15 GMT"}, {"title": "Twitter finds racial bias in image-cropping AI", "description": "Months after users raised concerns, Twitter drops its algorithm for cropping photos over bias worries.", "link": "https://www.bbc.co.uk/news/technology-57192898", "guid": {"@isPermaLink": "true", "#text": "https://www.bbc.co.uk/news/technology-57192898"}, "pubDate": "Thu, 20 May 2021 16:42:28 GMT"}, {"title": "Elon Musk UK visit drives Tesla factory rumours", "description": "A two-day stop in the UK has ignited speculation that the tech mogul is looking for factory sites.", "link": "https://www.bbc.co.uk/news/technology-57185806", "guid": {"@isPermaLink": "true", "#text": "https://www.bbc.co.uk/news/technology-57185806"}, "pubDate": "Thu, 20 May 2021 11:00:50 GMT"}, {"title": "Robot scales stairs without \u2018seeing\u2019 and other news", "description": "LJ Rich looks at some of the best technology news stories of the week.", "link": "https://www.bbc.co.uk/news/technology-57102825", "guid": {"@isPermaLink": "true", "#text": "https://www.bbc.co.uk/news/technology-57102825"}, "pubDate": "Fri, 21 May 2021 09:07:16 GMT"}, {"title": "How retail tech could change how we shop in the future", "description": "Concept store Cornershop is trialling retail technology to find out what people want from stores.", "link": "https://www.bbc.co.uk/news/technology-57102824", "guid": {"@isPermaLink": "true", "#text": "https://www.bbc.co.uk/news/technology-57102824"}, "pubDate": "Wed, 19 May 2021 09:59:30 GMT"}, {"title": "Mayflower: Ship to sail across Atlantic without a crew", "description": "The autonomous craft will travel 3,500 miles (5,630km) from Plymouth, UK to Massachusetts in the US.", "link": "https://www.bbc.co.uk/news/technology-57088748", "guid": {"@isPermaLink": "true", "#text": "https://www.bbc.co.uk/news/technology-57088748"}, "pubDate": "Mon, 17 May 2021 15:26:23 GMT"}, {"title": "Is Bitcoin bad for the environment?", "description": "The BBC's Ros Atkins looks into Bitcoin's affect on the environment after Tesla suspended vehicle purchases using Bitcoin due to climate change concerns.", "link": "https://www.bbc.co.uk/news/world-57108641", "guid": {"@isPermaLink": "true", "#text": "https://www.bbc.co.uk/news/world-57108641"}, "pubDate": "Fri, 14 May 2021 09:14:03 GMT"}, {"title": "Contest inspires next generation of female code breakers", "description": "More than 6,500 pupils from across the UK took part in the CyberFirst Girls competition.", "link": "https://www.bbc.co.uk/news/technology-56996335", "guid": {"@isPermaLink": "true", "#text": "https://www.bbc.co.uk/news/technology-56996335"}, "pubDate": "Tue, 11 May 2021 10:52:02 GMT"}, {"title": "The Navy sub commanded by artificial intelligence", "description": "Submarines controlled by artificial intelligence are being designed to take on military missions.", "link": "https://www.bbc.co.uk/news/business-56993035", "guid": {"@isPermaLink": "true", "#text": "https://www.bbc.co.uk/news/business-56993035"}, "pubDate": "Thu, 20 May 2021 23:00:04 GMT"}, {"title": "NFTs: Are they the future of the music industry?", "description": "Non-fungible tokens have set the music industry abuzz - but are these digital assets set to last?", "link": "https://www.bbc.co.uk/news/entertainment-arts-57164487", "guid": {"@isPermaLink": "true", "#text": "https://www.bbc.co.uk/news/entertainment-arts-57164487"}, "pubDate": "Thu, 20 May 2021 13:37:03 GMT"}, {"title": "The app that lets you pay to control another person's life", "description": "NewNew aims to connect artists with their fans who can vote on aspects of their work and daily life.", "link": "https://www.bbc.co.uk/news/business-57085557", "guid": {"@isPermaLink": "true", "#text": "https://www.bbc.co.uk/news/business-57085557"}, "pubDate": "Sun, 16 May 2021 23:03:06 GMT"}, {"title": "'Huge shortage' in digital skills says Apprentice winner", "description": "Some UK firms are struggling to fill roles demanding digital skills, so how easy is it to retrain?", "link": "https://www.bbc.co.uk/news/technology-57101527", "guid": {"@isPermaLink": "true", "#text": "https://www.bbc.co.uk/news/technology-57101527"}, "pubDate": "Fri, 14 May 2021 12:01:12 GMT"}, {"title": "Jeff Bezos and the secretive world of superyachts", "description": "The world's richest man will reportedly set sail next month on one of the largest superyachts ever built.", "link": "https://www.bbc.co.uk/news/world-us-canada-57079327", "guid": {"@isPermaLink": "true", "#text": "https://www.bbc.co.uk/news/world-us-canada-57079327"}, "pubDate": "Thu, 13 May 2021 23:59:02 GMT"}, {"title": "Facebook moderator: \u2018Every day was a nightmare\u2019", "description": "This is the first time a social media moderator has testified to a parliamentary committee.", "link": "https://www.bbc.co.uk/news/technology-57088382", "guid": {"@isPermaLink": "true", "#text": "https://www.bbc.co.uk/news/technology-57088382"}, "pubDate": "Wed, 12 May 2021 13:58:51 GMT"}, {"title": "Mind-boggling magnets could unlock plentiful power", "description": "Powerful magnets are bringing abundant, pollution-free electricity a step closer.", "link": "https://www.bbc.co.uk/news/business-56843149", "guid": {"@isPermaLink": "true", "#text": "https://www.bbc.co.uk/news/business-56843149"}, "pubDate": "Mon, 10 May 2021 23:09:13 GMT"}, {"title": "'I was injured but the rescue boat found me in seconds'", "description": "How technology has helped emergency responders save lives during the pandemic.", "link": "https://www.bbc.co.uk/news/business-56741003", "guid": {"@isPermaLink": "true", "#text": "https://www.bbc.co.uk/news/business-56741003"}, "pubDate": "Mon, 10 May 2021 00:49:43 GMT"}, {"title": "Taking an invention from idea to the marketplace", "description": "Lockdown spurred many people to invent new products, but how did they get to market?", "link": "https://www.bbc.co.uk/news/business-56978157", "guid": {"@isPermaLink": "true", "#text": "https://www.bbc.co.uk/news/business-56978157"}, "pubDate": "Thu, 06 May 2021 23:20:54 GMT"}, {"title": "'I was terrible at crosswords so I built an AI to do them'", "description": "Dr Fill , a computer program, has just won one of the most prestigious crossword competitions in the US.", "link": "https://www.bbc.co.uk/news/technology-56934716", "guid": {"@isPermaLink": "true", "#text": "https://www.bbc.co.uk/news/technology-56934716"}, "pubDate": "Sun, 02 May 2021 23:24:37 GMT"}, {"title": "Food giants respond to worries over packaging", "description": "The phasing out of single-use plastics gathers pace with big companies adopting alternatives.", "link": "https://www.bbc.co.uk/news/business-56770732", "guid": {"@isPermaLink": "true", "#text": "https://www.bbc.co.uk/news/business-56770732"}, "pubDate": "Mon, 03 May 2021 23:03:47 GMT"}]