[{"title": "Covid: Pfizer and AstraZeneca jabs effective against Indian variant - study", "description": "They are effective against symptomatic disease but protection is low after only one dose, a study says.", "link": "https://www.bbc.co.uk/news/uk-57214596", "guid": {"@isPermaLink": "true", "#text": "https://www.bbc.co.uk/news/uk-57214596"}, "pubDate": "Sat, 22 May 2021 21:35:18 GMT"}, {"title": "Glastonbury: Emily Eavis says she is 'so sorry' after technical issues derail live-stream", "description": "After thousands are locked out of the virtual concert, organisers make it freely available online.", "link": "https://www.bbc.co.uk/news/entertainment-arts-57215629", "guid": {"@isPermaLink": "true", "#text": "https://www.bbc.co.uk/news/entertainment-arts-57215629"}, "pubDate": "Sat, 22 May 2021 20:31:39 GMT"}, {"title": "Diana interview: Lord Hall resigns from National Gallery", "description": "The ex-BBC director general says continuing as National Gallery chairman would be a \"distraction\".", "link": "https://www.bbc.co.uk/news/uk-57212959", "guid": {"@isPermaLink": "true", "#text": "https://www.bbc.co.uk/news/uk-57212959"}, "pubDate": "Sat, 22 May 2021 14:45:35 GMT"}, {"title": "Prince William: Scotland holds my happiest and saddest memories", "description": "The Duke of Cambridge says his connection with the country \"will forever run deep\" in a speech.", "link": "https://www.bbc.co.uk/news/uk-57213025", "guid": {"@isPermaLink": "true", "#text": "https://www.bbc.co.uk/news/uk-57213025"}, "pubDate": "Sat, 22 May 2021 16:32:06 GMT"}, {"title": "Pro-Palestinian rallies held in Manchester, London and Cardiff", "description": "More than 250 people have been killed in fighting between Israel and Palestinian militants.", "link": "https://www.bbc.co.uk/news/uk-england-manchester-57212159", "guid": {"@isPermaLink": "true", "#text": "https://www.bbc.co.uk/news/uk-england-manchester-57212159"}, "pubDate": "Sat, 22 May 2021 18:57:17 GMT"}, {"title": "Mayhill: Four arrests after Swansea disorder", "description": "Three men and a 16-year-old boy have been arrested on suspicion of unlawful violence.", "link": "https://www.bbc.co.uk/news/uk-wales-57214005", "guid": {"@isPermaLink": "true", "#text": "https://www.bbc.co.uk/news/uk-wales-57214005"}, "pubDate": "Sat, 22 May 2021 15:41:13 GMT"}, {"title": "Eurovision: United Kingdom's hopes rest on James Newman", "description": "Can the Settle-born singer take home the coveted glass microphone trophy from Rotterdam?", "link": "https://www.bbc.co.uk/news/entertainment-arts-57198762", "guid": {"@isPermaLink": "true", "#text": "https://www.bbc.co.uk/news/entertainment-arts-57198762"}, "pubDate": "Fri, 21 May 2021 23:46:22 GMT"}, {"title": "McDonald's: Animal rights group blockades depots, activists say", "description": "Animal Rebellion says it is stopping restaurant supplies from leaving four UK distribution centres.", "link": "https://www.bbc.co.uk/news/uk-57210428", "guid": {"@isPermaLink": "true", "#text": "https://www.bbc.co.uk/news/uk-57210428"}, "pubDate": "Sat, 22 May 2021 11:44:09 GMT"}, {"title": "Covid: Scotland and Wales send urgent supplies to India", "description": "The life-saving medical equipment has been provided to help India deal with its Covid-19 crisis.", "link": "https://www.bbc.co.uk/news/uk-scotland-57212330", "guid": {"@isPermaLink": "true", "#text": "https://www.bbc.co.uk/news/uk-scotland-57212330"}, "pubDate": "Sat, 22 May 2021 11:45:34 GMT"}, {"title": "Petersfield Cemetery police probe over 'unexpected' human remains", "description": "Police seal off part of a cemetery after workers find remains in \"unexpected circumstances\".", "link": "https://www.bbc.co.uk/news/uk-england-hampshire-57212886", "guid": {"@isPermaLink": "true", "#text": "https://www.bbc.co.uk/news/uk-england-hampshire-57212886"}, "pubDate": "Sat, 22 May 2021 16:13:31 GMT"}, {"title": "Snowdonia litter-bugs asked: 'Why did you litter our mountains?'", "description": "A national park is asking litter-bugs to say anonymously why they did not take their rubbish home.", "link": "https://www.bbc.co.uk/news/uk-wales-57177288", "guid": {"@isPermaLink": "true", "#text": "https://www.bbc.co.uk/news/uk-wales-57177288"}, "pubDate": "Sat, 22 May 2021 17:19:14 GMT"}, {"title": "Scotland Covid jab certificates hit by glitch", "description": "The flaw could allow people to edit personal details on vaccination status certificates after downloading them.", "link": "https://www.bbc.co.uk/news/uk-scotland-57208607", "guid": {"@isPermaLink": "true", "#text": "https://www.bbc.co.uk/news/uk-scotland-57208607"}, "pubDate": "Sat, 22 May 2021 17:49:12 GMT"}, {"title": "Out in Brighton on first Friday after rules ease", "description": "\"Life is meant for living and we are living it,\" says one woman, as people enjoy indoor pubs and restaurants.", "link": "https://www.bbc.co.uk/news/business-57209445", "guid": {"@isPermaLink": "true", "#text": "https://www.bbc.co.uk/news/business-57209445"}, "pubDate": "Sat, 22 May 2021 00:01:49 GMT"}, {"title": "UK holidays: When and where can I go.... and who with?", "description": "The rules on having a holiday in the UK have been relaxed - but restrictions remain.", "link": "https://www.bbc.co.uk/news/explainers-52646738", "guid": {"@isPermaLink": "true", "#text": "https://www.bbc.co.uk/news/explainers-52646738"}, "pubDate": "Fri, 21 May 2021 12:18:36 GMT"}, {"title": "What are the rules for weddings and can I hold a reception?", "description": "Restrictions on weddings have been eased across the UK - so how can you now celebrate?", "link": "https://www.bbc.co.uk/news/explainers-52811509", "guid": {"@isPermaLink": "true", "#text": "https://www.bbc.co.uk/news/explainers-52811509"}, "pubDate": "Fri, 21 May 2021 15:23:58 GMT"}, {"title": "Covid-19: Bolton battles with India variant and vaccine hesitancy", "description": "There's been a huge drive to vaccinate Bolton residents as Covid cases linked to the India variant continue to rise there.", "link": "https://www.bbc.co.uk/news/uk-57191667", "guid": {"@isPermaLink": "true", "#text": "https://www.bbc.co.uk/news/uk-57191667"}, "pubDate": "Fri, 21 May 2021 15:43:48 GMT"}, {"title": "Covid: Investigation into 'Yorkshire' variant", "description": "Public Health England says it does not cause more severe illness or makes vaccines less effective.", "link": "https://www.bbc.co.uk/news/uk-england-57199475", "guid": {"@isPermaLink": "true", "#text": "https://www.bbc.co.uk/news/uk-england-57199475"}, "pubDate": "Fri, 21 May 2021 13:37:26 GMT"}, {"title": "Covid-19: Potential rise in England infections and Spain to welcome UK tourists", "description": "Five things you need to know about the coronavirus pandemic this Friday evening.", "link": "https://www.bbc.co.uk/news/uk-57162303", "guid": {"@isPermaLink": "true", "#text": "https://www.bbc.co.uk/news/uk-57162303"}, "pubDate": "Fri, 21 May 2021 16:28:54 GMT"}, {"title": "Severely ill - and still made to quarantine in a hotel", "description": "The law says some severely ill are exempt from hotel quarantine - but they don't always get a choice.", "link": "https://www.bbc.co.uk/news/stories-57162187", "guid": {"@isPermaLink": "true", "#text": "https://www.bbc.co.uk/news/stories-57162187"}, "pubDate": "Thu, 20 May 2021 23:55:10 GMT"}, {"title": "Yorkshire Symphony Orchestra to help pandemic-hit musicians", "description": "The Yorkshire Symphony Orchestra and its pandemic-hit musicians will appear at several summer gigs.", "link": "https://www.bbc.co.uk/news/uk-england-leeds-57183964", "guid": {"@isPermaLink": "true", "#text": "https://www.bbc.co.uk/news/uk-england-leeds-57183964"}, "pubDate": "Thu, 20 May 2021 10:47:58 GMT"}, {"title": "Covid: Bournemouth student jabs halted amid high demand", "description": "Hundreds of students queue for hours after being offered the chance of walk-in jabs in Bournemouth.", "link": "https://www.bbc.co.uk/news/uk-england-dorset-57184406", "guid": {"@isPermaLink": "true", "#text": "https://www.bbc.co.uk/news/uk-england-dorset-57184406"}, "pubDate": "Thu, 20 May 2021 11:17:50 GMT"}, {"title": "Prince William receives first Covid vaccine dose", "description": "The 38-year-old pays tribute to those involved in the rollout after getting his jab on Tuesday.", "link": "https://www.bbc.co.uk/news/uk-57185584", "guid": {"@isPermaLink": "true", "#text": "https://www.bbc.co.uk/news/uk-57185584"}, "pubDate": "Thu, 20 May 2021 09:58:39 GMT"}, {"title": "NI Covid-19 vaccine booking opens for 25-29 group", "description": "Early indications show uptake for bookings is high among the age group, the Department of Health says.", "link": "https://www.bbc.co.uk/news/uk-northern-ireland-57175903", "guid": {"@isPermaLink": "true", "#text": "https://www.bbc.co.uk/news/uk-northern-ireland-57175903"}, "pubDate": "Thu, 20 May 2021 12:10:16 GMT"}, {"title": "Birmingham student researches illness that killed brother", "description": "Molly Schiller's dissertation scrutinises a heart condition that killed her brother Max in 2015.", "link": "https://www.bbc.co.uk/news/uk-england-birmingham-57211805", "guid": {"@isPermaLink": "true", "#text": "https://www.bbc.co.uk/news/uk-england-birmingham-57211805"}, "pubDate": "Sat, 22 May 2021 11:31:14 GMT"}, {"title": "Behind the scenes of Glastonbury's live-stream concert", "description": "The five-hour show stars Jorja Smith, Coldplay and Haim - all playing to a deserted Worthy Farm.", "link": "https://www.bbc.co.uk/news/entertainment-arts-57204585", "guid": {"@isPermaLink": "true", "#text": "https://www.bbc.co.uk/news/entertainment-arts-57204585"}, "pubDate": "Fri, 21 May 2021 23:53:07 GMT"}, {"title": "The 10-year-old boy who beat a chess grandmaster - but didn't want to boast", "description": "Frederick Waldhausen Gordon is just 10 years old and has already defeated a chess grandmaster.", "link": "https://www.bbc.co.uk/news/uk-scotland-edinburgh-east-fife-57187522", "guid": {"@isPermaLink": "true", "#text": "https://www.bbc.co.uk/news/uk-scotland-edinburgh-east-fife-57187522"}, "pubDate": "Sat, 22 May 2021 08:02:48 GMT"}, {"title": "HMS Queen Elizabeth: Why is a UK aircraft carrier going on a world tour?", "description": "HMS Queen Elizabeth is about to travel 26,000 miles - but is it more than a flag-waving exercise?", "link": "https://www.bbc.co.uk/news/uk-57195317", "guid": {"@isPermaLink": "true", "#text": "https://www.bbc.co.uk/news/uk-57195317"}, "pubDate": "Fri, 21 May 2021 14:56:37 GMT"}, {"title": "Timeline: Martin Bashir's actions from Diana interview to Dyson report", "description": "An inquiry into Martin Bashir\u2019s interview with Princess Diana in 1995 concludes that he acted in a \u201cdeceitful\u201d way.", "link": "https://www.bbc.co.uk/news/explainers-57206500", "guid": {"@isPermaLink": "true", "#text": "https://www.bbc.co.uk/news/explainers-57206500"}, "pubDate": "Fri, 21 May 2021 15:57:59 GMT"}, {"title": "BBC 'deceit': What next for the corporation?", "description": "How will fallout from the the Martin Bashir inquiry affect the BBC's future?", "link": "https://www.bbc.co.uk/news/uk-57202578", "guid": {"@isPermaLink": "true", "#text": "https://www.bbc.co.uk/news/uk-57202578"}, "pubDate": "Fri, 21 May 2021 13:29:48 GMT"}, {"title": "Why the NHS gave thousands HIV-contaminated blood", "description": "The infection of up to 30,000 people with contaminated blood is one of the biggest NHS scandals.", "link": "https://www.bbc.co.uk/news/health-48596605", "guid": {"@isPermaLink": "true", "#text": "https://www.bbc.co.uk/news/health-48596605"}, "pubDate": "Fri, 21 May 2021 11:53:15 GMT"}, {"title": "Manchester Arena attack: Stories of hope for the future", "description": "Survivors of the Manchester attack talk about rebuilding their future four years after the atrocity.", "link": "https://www.bbc.co.uk/news/uk-england-manchester-57185632", "guid": {"@isPermaLink": "true", "#text": "https://www.bbc.co.uk/news/uk-england-manchester-57185632"}, "pubDate": "Fri, 21 May 2021 10:03:01 GMT"}, {"title": "Martin Bashir inquiry: Diana, the reporter and the BBC", "description": "The full story of how the BBC's Martin Bashir got his 1995 interview with Princess Diana - and what happened next.", "link": "https://www.bbc.co.uk/news/uk-56680229", "guid": {"@isPermaLink": "true", "#text": "https://www.bbc.co.uk/news/uk-56680229"}, "pubDate": "Thu, 20 May 2021 23:04:35 GMT"}, {"title": "The best and worst of US remakes of UK shows", "description": "TV critic Scott Bryan looks at what makes a UK show a hit in the US as This Country heads stateside.", "link": "https://www.bbc.co.uk/news/newsbeat-57176219", "guid": {"@isPermaLink": "true", "#text": "https://www.bbc.co.uk/news/newsbeat-57176219"}, "pubDate": "Fri, 21 May 2021 09:02:17 GMT"}, {"title": "'I pay more than \u00a39,000 a year for my season ticket'", "description": "As rail reforms loom, commuters tell the BBC about the problems they face with UK train services.", "link": "https://www.bbc.co.uk/news/business-57186489", "guid": {"@isPermaLink": "true", "#text": "https://www.bbc.co.uk/news/business-57186489"}, "pubDate": "Thu, 20 May 2021 23:00:23 GMT"}, {"title": "Quiz of the week: Eurovision, Ariana Grande and the 99", "description": "How closely have you been paying attention to what's been going on during the past seven days?", "link": "https://www.bbc.co.uk/news/world-57183679", "guid": {"@isPermaLink": "true", "#text": "https://www.bbc.co.uk/news/world-57183679"}, "pubDate": "Thu, 20 May 2021 14:17:42 GMT"}, {"title": "HMS Queen Elizabeth: The Queen tours Royal Navy flagship", "description": "The Queen has been visiting the Royal Navy flagship, HMS Queen Elizabeth, in Portsmouth.", "link": "https://www.bbc.co.uk/news/uk-57214467", "guid": {"@isPermaLink": "true", "#text": "https://www.bbc.co.uk/news/uk-57214467"}, "pubDate": "Sat, 22 May 2021 15:32:10 GMT"}, {"title": "Martin Bashir: Ex-BBC News boss 'didn't know' Bashir forged statements", "description": "The former director of news did not answer whether Lord Hall, BBC director general at the time, sanctioned re-hiring Martin Bashir.", "link": "https://www.bbc.co.uk/news/uk-57206430", "guid": {"@isPermaLink": "true", "#text": "https://www.bbc.co.uk/news/uk-57206430"}, "pubDate": "Fri, 21 May 2021 15:42:38 GMT"}, {"title": "Matt Wiessler on Diana interview: 'Important people are being covered up'", "description": "The graphic designer who raised concerns about fake documents used to secure the BBC's interview with Princess Diana speaks out.", "link": "https://www.bbc.co.uk/news/uk-57201194", "guid": {"@isPermaLink": "true", "#text": "https://www.bbc.co.uk/news/uk-57201194"}, "pubDate": "Fri, 21 May 2021 11:28:53 GMT"}, {"title": "Danny Malin goes viral with Rate My Takeaway videos", "description": "Yorkshireman Danny Malin's videos have gone viral as he rates takeaways all across the UK.", "link": "https://www.bbc.co.uk/news/uk-england-leeds-57205225", "guid": {"@isPermaLink": "true", "#text": "https://www.bbc.co.uk/news/uk-england-leeds-57205225"}, "pubDate": "Fri, 21 May 2021 14:18:49 GMT"}, {"title": "Whittlesey brickworks chimneys demolished after 50 years in skyline", "description": "The 85m (279ft) tall structures at a former brickworks collapsed to the ground in seconds.", "link": "https://www.bbc.co.uk/news/uk-england-cambridgeshire-57205827", "guid": {"@isPermaLink": "true", "#text": "https://www.bbc.co.uk/news/uk-england-cambridgeshire-57205827"}, "pubDate": "Fri, 21 May 2021 14:37:29 GMT"}, {"title": "BBC failures contributed to Diana\u2019s 'fear, paranoia and isolation'", "description": "Princess Diana was failed not just by Martin Bashir but also by leaders at the BBC, says Prince William.", "link": "https://www.bbc.co.uk/news/uk-57192909", "guid": {"@isPermaLink": "true", "#text": "https://www.bbc.co.uk/news/uk-57192909"}, "pubDate": "Thu, 20 May 2021 21:06:21 GMT"}, {"title": "Covid vaccine: 32 and 33-year-olds in England now invited to book", "description": "People will get texts inviting them to book, as areas hit by the Indian variant look to jab over-18s.", "link": "https://www.bbc.co.uk/news/uk-57209444", "guid": {"@isPermaLink": "true", "#text": "https://www.bbc.co.uk/news/uk-57209444"}, "pubDate": "Sat, 22 May 2021 12:01:16 GMT"}, {"title": "Glasgow politicians write to Home Office over immigration policy", "description": "A cross-party group of Glasgow politicians has set out their opposition to aspects of UK immigration policy.", "link": "https://www.bbc.co.uk/news/uk-scotland-glasgow-west-57211999", "guid": {"@isPermaLink": "true", "#text": "https://www.bbc.co.uk/news/uk-scotland-glasgow-west-57211999"}, "pubDate": "Sat, 22 May 2021 13:44:05 GMT"}, {"title": "Wilson Kennedy: Ballyclare vet dies after quad bike crash", "description": "Wilson Kennedy, 69, died in the collision near Ballyclare, County Antrim, on Friday night.", "link": "https://www.bbc.co.uk/news/uk-northern-ireland-57210968", "guid": {"@isPermaLink": "true", "#text": "https://www.bbc.co.uk/news/uk-northern-ireland-57210968"}, "pubDate": "Sat, 22 May 2021 15:43:32 GMT"}, {"title": "Rural crime: Bodycams for farmers as they fight rural crime", "description": "Police are helping farmers in north Wales to use technology to tackle thefts and scams.", "link": "https://www.bbc.co.uk/news/uk-wales-56996106", "guid": {"@isPermaLink": "true", "#text": "https://www.bbc.co.uk/news/uk-wales-56996106"}, "pubDate": "Sat, 22 May 2021 20:50:00 GMT"}, {"title": "Asghar Badshah: Four charged over bus driver's kidnap and murder", "description": "Two men and two women are to appear in court over the 2019 death of Asghar Badshah, from Bradford.", "link": "https://www.bbc.co.uk/news/uk-england-leeds-57211284", "guid": {"@isPermaLink": "true", "#text": "https://www.bbc.co.uk/news/uk-england-leeds-57211284"}, "pubDate": "Sat, 22 May 2021 08:52:24 GMT"}]