[{"title": "Covid: Pfizer and AstraZeneca jabs effective against Indian variant - study", "description": "They are effective against symptomatic disease but protection is low after only one dose, a study says.", "link": "https://www.bbc.co.uk/news/uk-57214596", "guid": {"@isPermaLink": "true", "#text": "https://www.bbc.co.uk/news/uk-57214596"}, "pubDate": "Sat, 22 May 2021 21:35:18 GMT"}, {"title": "Covid-19: More than 50m vaccine doses given in England", "description": "The health secretary hails the milestone as 32 and 33-year-olds are offered the jab.", "link": "https://www.bbc.co.uk/news/uk-57212470", "guid": {"@isPermaLink": "true", "#text": "https://www.bbc.co.uk/news/uk-57212470"}, "pubDate": "Sat, 22 May 2021 20:02:59 GMT"}, {"title": "Covid vaccine: 32 and 33-year-olds in England now invited to book", "description": "People will get texts inviting them to book, as areas hit by the Indian variant look to jab over-18s.", "link": "https://www.bbc.co.uk/news/uk-57209444", "guid": {"@isPermaLink": "true", "#text": "https://www.bbc.co.uk/news/uk-57209444"}, "pubDate": "Sat, 22 May 2021 12:01:16 GMT"}, {"title": "Contaminated blood inquiry: 'I want their voices to be heard' - Hancock", "description": "Thousands of people died after being given infected blood products during the 70s and 80s.", "link": "https://www.bbc.co.uk/news/health-57190095", "guid": {"@isPermaLink": "true", "#text": "https://www.bbc.co.uk/news/health-57190095"}, "pubDate": "Fri, 21 May 2021 15:31:14 GMT"}, {"title": "Covid: Stillbirth and prematurity risks may be higher in pregnancy", "description": "The overall risks remain low for pregnant women but coronavirus may increase stillbirths, a study suggests.", "link": "https://www.bbc.co.uk/news/health-57193361", "guid": {"@isPermaLink": "true", "#text": "https://www.bbc.co.uk/news/health-57193361"}, "pubDate": "Thu, 20 May 2021 23:39:57 GMT"}, {"title": "PIP implant victims 'elated' by compensation win", "description": "Women who had the breast implants say they are delighted by the \"victory\" after 10 years fighting for justice.", "link": "https://www.bbc.co.uk/news/health-57179180", "guid": {"@isPermaLink": "true", "#text": "https://www.bbc.co.uk/news/health-57179180"}, "pubDate": "Thu, 20 May 2021 13:30:33 GMT"}, {"title": "Covid: Test and Trace failure helped Indian variant spread, report says", "description": "Several councils did not receive up-to-date Covid data for almost three weeks, the BBC learns.", "link": "https://www.bbc.co.uk/news/uk-politics-57186059", "guid": {"@isPermaLink": "true", "#text": "https://www.bbc.co.uk/news/uk-politics-57186059"}, "pubDate": "Thu, 20 May 2021 17:06:01 GMT"}, {"title": "Baby death raises questions over maternity care", "description": "Parents Beth and Dan Wankiewicz are looking for answers over the death of their son Clay last year.", "link": "https://www.bbc.co.uk/news/health-57147451", "guid": {"@isPermaLink": "true", "#text": "https://www.bbc.co.uk/news/health-57147451"}, "pubDate": "Thu, 20 May 2021 05:00:06 GMT"}, {"title": "Third dose of Covid jab to be trialled in UK", "description": "The findings will help scientific advisers decide if re-vaccinating people in the autumn is necessary.", "link": "https://www.bbc.co.uk/news/health-57174733", "guid": {"@isPermaLink": "true", "#text": "https://www.bbc.co.uk/news/health-57174733"}, "pubDate": "Wed, 19 May 2021 17:26:29 GMT"}, {"title": "NI Covid-19 vaccine booking opens for 25-29 group", "description": "Early indications show uptake for bookings is high among the age group, the Department of Health says.", "link": "https://www.bbc.co.uk/news/uk-northern-ireland-57175903", "guid": {"@isPermaLink": "true", "#text": "https://www.bbc.co.uk/news/uk-northern-ireland-57175903"}, "pubDate": "Thu, 20 May 2021 12:10:16 GMT"}, {"title": "Covid: Government criticised over pre-pandemic planning", "description": "Ministers failed to prepare for a threat on the scale of the pandemic, the spending watchdog says.", "link": "https://www.bbc.co.uk/news/uk-politics-57160297", "guid": {"@isPermaLink": "true", "#text": "https://www.bbc.co.uk/news/uk-politics-57160297"}, "pubDate": "Thu, 20 May 2021 06:41:34 GMT"}, {"title": "Covid: WHO urges Wales to delay giving children jabs", "description": "Wales asked to donate vaccines to low-income countries by the World Health Organization.", "link": "https://www.bbc.co.uk/news/uk-wales-57168061", "guid": {"@isPermaLink": "true", "#text": "https://www.bbc.co.uk/news/uk-wales-57168061"}, "pubDate": "Wed, 19 May 2021 13:24:59 GMT"}, {"title": "296 people donate organs in first year of new consent law", "description": "Max and Keira's Law presumes all adults in England as potential organ donors unless they opt out.", "link": "https://www.bbc.co.uk/news/uk-politics-57163433", "guid": {"@isPermaLink": "true", "#text": "https://www.bbc.co.uk/news/uk-politics-57163433"}, "pubDate": "Thu, 20 May 2021 00:47:13 GMT"}, {"title": "Unpublished hospital patient safety reports exposed", "description": "BBC Panorama finds dozens of reports into concerns over hospital services have not been made public.", "link": "https://www.bbc.co.uk/news/health-57144923", "guid": {"@isPermaLink": "true", "#text": "https://www.bbc.co.uk/news/health-57144923"}, "pubDate": "Tue, 18 May 2021 23:01:54 GMT"}, {"title": "Vaccinating children before poor morally wrong, Oxford scientist says", "description": "Oxford vaccine leader Prof Andrew Pollard says adults in poorer countries should be protected first.", "link": "https://www.bbc.co.uk/news/health-57155943", "guid": {"@isPermaLink": "true", "#text": "https://www.bbc.co.uk/news/health-57155943"}, "pubDate": "Tue, 18 May 2021 17:09:35 GMT"}, {"title": "India Covid: Dying mother's final message", "description": "Dimple Arora was a 34 year-old-dentist with everything to live for when she died of Covid-19.", "link": "https://www.bbc.co.uk/news/world-asia-57189165", "guid": {"@isPermaLink": "true", "#text": "https://www.bbc.co.uk/news/world-asia-57189165"}, "pubDate": "Thu, 20 May 2021 23:03:31 GMT"}, {"title": "Severely ill - and still made to quarantine in a hotel", "description": "The law says some severely ill are exempt from hotel quarantine - but they don't always get a choice.", "link": "https://www.bbc.co.uk/news/stories-57162187", "guid": {"@isPermaLink": "true", "#text": "https://www.bbc.co.uk/news/stories-57162187"}, "pubDate": "Thu, 20 May 2021 23:55:10 GMT"}, {"title": "Covid Indian variant: Where is it, how does it spread and is it more infectious?", "description": "B.1.617.2 is dominant in some parts of the country - but it doesn't have to be cause for panic yet.", "link": "https://www.bbc.co.uk/news/health-57157496", "guid": {"@isPermaLink": "true", "#text": "https://www.bbc.co.uk/news/health-57157496"}, "pubDate": "Wed, 19 May 2021 00:05:21 GMT"}, {"title": "Covid-19 vaccines: Why some African states can't use their vaccines", "description": "African countries have struggled to get vaccines, but some now plan to throw away thousands of doses.", "link": "https://www.bbc.co.uk/news/56940657", "guid": {"@isPermaLink": "true", "#text": "https://www.bbc.co.uk/news/56940657"}, "pubDate": "Wed, 19 May 2021 11:56:30 GMT"}, {"title": "India coronavirus: Tracing a family\u2019s journey to save a life", "description": "A family's heartbreaking journey between two cities to find a bed for a gasping Covid-19 patient.", "link": "https://www.bbc.co.uk/news/world-asia-india-57111161", "guid": {"@isPermaLink": "true", "#text": "https://www.bbc.co.uk/news/world-asia-india-57111161"}, "pubDate": "Mon, 17 May 2021 23:01:18 GMT"}, {"title": "'My exhausting smear test battle'", "description": "Transgender men, such as Laurie, are not automatically contacted for potentially life-saving smear tests.", "link": "https://www.bbc.co.uk/news/health-56942480", "guid": {"@isPermaLink": "true", "#text": "https://www.bbc.co.uk/news/health-56942480"}, "pubDate": "Sun, 16 May 2021 23:29:15 GMT"}, {"title": "How many cases in your area?", "description": "Explore the data on coronavirus in the UK and find out how many cases there are in your area.", "link": "https://www.bbc.co.uk/news/uk-51768274", "guid": {"@isPermaLink": "true", "#text": "https://www.bbc.co.uk/news/uk-51768274"}, "pubDate": "Sat, 22 May 2021 15:52:09 GMT"}, {"title": "What are the India, Brazil, South Africa and UK variants?", "description": "In some parts of the UK coronavirus cases are rising due to a variant from India that spreads more easily.", "link": "https://www.bbc.co.uk/news/health-55659820", "guid": {"@isPermaLink": "true", "#text": "https://www.bbc.co.uk/news/health-55659820"}, "pubDate": "Sun, 16 May 2021 18:19:55 GMT"}, {"title": "Covid: What's the roadmap for lifting lockdown?", "description": "Lockdown restrictions will ease in Northern Ireland, following rule changes in England, Scotland and Wales", "link": "https://www.bbc.co.uk/news/explainers-52530518", "guid": {"@isPermaLink": "true", "#text": "https://www.bbc.co.uk/news/explainers-52530518"}, "pubDate": "Fri, 21 May 2021 11:48:48 GMT"}, {"title": "Covid: When will I get the vaccine?", "description": "People in their 20s and 30s are now being offered a Covid vaccine as the UK rollout continues.", "link": "https://www.bbc.co.uk/news/health-55045639", "guid": {"@isPermaLink": "true", "#text": "https://www.bbc.co.uk/news/health-55045639"}, "pubDate": "Thu, 20 May 2021 09:24:43 GMT"}, {"title": "Coronavirus: When can we stop wearing face masks or face coverings?", "description": "Rules are relaxing, but masks are still needed in some settings - here's where and why.", "link": "https://www.bbc.co.uk/news/health-51205344", "guid": {"@isPermaLink": "true", "#text": "https://www.bbc.co.uk/news/health-51205344"}, "pubDate": "Mon, 17 May 2021 14:52:18 GMT"}, {"title": "How do we know Covid vaccines are safe?", "description": "Busting myths and explaining the facts around vaccines.", "link": "https://www.bbc.co.uk/news/health-55056016", "guid": {"@isPermaLink": "true", "#text": "https://www.bbc.co.uk/news/health-55056016"}, "pubDate": "Mon, 10 May 2021 17:16:50 GMT"}, {"title": "Coronavirus: Who has been shielding and why?", "description": "Shielding in England is ending on 31 March.", "link": "https://www.bbc.co.uk/news/health-51997151", "guid": {"@isPermaLink": "true", "#text": "https://www.bbc.co.uk/news/health-51997151"}, "pubDate": "Wed, 17 Mar 2021 18:17:28 GMT"}, {"title": "South Africa coronavirus variant: What is the risk?", "description": "Why experts are concerned about the emergence of this particular new version of coronavirus.", "link": "https://www.bbc.co.uk/news/health-55534727", "guid": {"@isPermaLink": "true", "#text": "https://www.bbc.co.uk/news/health-55534727"}, "pubDate": "Tue, 13 Apr 2021 10:44:42 GMT"}, {"title": "Coronavirus: What it does to the body", "description": "What is it like to have the coronavirus, how will it affect you and how is it treated?", "link": "https://www.bbc.co.uk/news/health-51214864", "guid": {"@isPermaLink": "true", "#text": "https://www.bbc.co.uk/news/health-51214864"}, "pubDate": "Sat, 14 Mar 2020 01:02:03 GMT"}, {"title": "Support bubbles: How do they work and who is in yours?", "description": "Some people across the UK have been able to form \"support bubbles\" or \"extended households\".", "link": "https://www.bbc.co.uk/news/health-52637354", "guid": {"@isPermaLink": "true", "#text": "https://www.bbc.co.uk/news/health-52637354"}, "pubDate": "Wed, 06 Jan 2021 10:41:25 GMT"}, {"title": "How to get a Covid test", "description": "Everyone in England and Scotland is being encouraged to take rapid coronavirus tests regularly.", "link": "https://www.bbc.co.uk/news/health-51943612", "guid": {"@isPermaLink": "true", "#text": "https://www.bbc.co.uk/news/health-51943612"}, "pubDate": "Wed, 19 May 2021 14:06:38 GMT"}, {"title": "All you need to know on the coronavirus", "description": "A new cough, fever and change in smell or taste are the key symptoms that mean you may have coronavirus.", "link": "https://www.bbc.co.uk/news/health-51048366", "guid": {"@isPermaLink": "true", "#text": "https://www.bbc.co.uk/news/health-51048366"}, "pubDate": "Thu, 28 Jan 2021 10:06:06 GMT"}, {"title": "Coronavirus: Intensive care and other key terms explained", "description": "Use our tool to check the meaning of key words and phrases associated with the Covid-19 outbreak.", "link": "https://www.bbc.co.uk/news/health-52182658", "guid": {"@isPermaLink": "true", "#text": "https://www.bbc.co.uk/news/health-52182658"}, "pubDate": "Sun, 03 May 2020 00:06:18 GMT"}, {"title": "Coronavirus: What is the risk to men over 50?", "description": "While most people will have mild symptoms and recover quickly, some are more prone to getting sick.", "link": "https://www.bbc.co.uk/news/health-52197594", "guid": {"@isPermaLink": "true", "#text": "https://www.bbc.co.uk/news/health-52197594"}, "pubDate": "Thu, 16 Apr 2020 20:03:54 GMT"}, {"title": "Coronavirus: Do face masks actually work?", "description": "With face masks in high demand, we look at whether they really can protect people from the virus.", "link": "https://www.bbc.co.uk/news/health-51881555", "guid": {"@isPermaLink": "true", "#text": "https://www.bbc.co.uk/news/health-51881555"}, "pubDate": "Sat, 14 Mar 2020 01:04:25 GMT"}, {"title": "Covid Vaccines: Could they be magnetic?", "description": "Videos of people sticking magnets to their arms where they claim they\u2019ve had the Covid vaccine have gone viral. We debunk this so-called magnet challenge.", "link": "https://www.bbc.co.uk/news/57207134", "guid": {"@isPermaLink": "true", "#text": "https://www.bbc.co.uk/news/57207134"}, "pubDate": "Fri, 21 May 2021 23:03:32 GMT"}, {"title": "Wife of patient reacts to blood inquiry statement", "description": "Su\u2019s husband Steve was diagnosed with hepatitis C 21 years after first receiving contaminated blood products.", "link": "https://www.bbc.co.uk/news/health-57208611", "guid": {"@isPermaLink": "true", "#text": "https://www.bbc.co.uk/news/health-57208611"}, "pubDate": "Fri, 21 May 2021 19:07:44 GMT"}, {"title": "Campaigners react to PIP implant compensation win", "description": "Jan Spivey and Louise Smith welcomed the \"fantastic\" judgement by a French court.", "link": "https://www.bbc.co.uk/news/health-57182489", "guid": {"@isPermaLink": "true", "#text": "https://www.bbc.co.uk/news/health-57182489"}, "pubDate": "Thu, 20 May 2021 09:54:48 GMT"}, {"title": "Long Covid: 'I'm feeling quite good after vaccine'", "description": "A study of 812 people finds three times as many felt better after the vaccine.", "link": "https://www.bbc.co.uk/news/uk-england-beds-bucks-herts-57189025", "guid": {"@isPermaLink": "true", "#text": "https://www.bbc.co.uk/news/uk-england-beds-bucks-herts-57189025"}, "pubDate": "Thu, 20 May 2021 14:20:59 GMT"}, {"title": "Lord Coe pleads for resumption of weekly community event Parkrun", "description": "World Athletics president Lord Coe says Parkrun is a crucial public health initiative.", "link": "https://www.bbc.co.uk/news/uk-57183340", "guid": {"@isPermaLink": "true", "#text": "https://www.bbc.co.uk/news/uk-57183340"}, "pubDate": "Thu, 20 May 2021 08:00:30 GMT"}]