[{"title": "Glastonbury: Emily Eavis says she is 'so sorry' after technical issues derail live-stream", "description": "After thousands are locked out of the virtual concert, organisers make it freely available online.", "link": "https://www.bbc.co.uk/news/entertainment-arts-57215629", "guid": {"@isPermaLink": "true", "#text": "https://www.bbc.co.uk/news/entertainment-arts-57215629"}, "pubDate": "Sat, 22 May 2021 20:31:39 GMT"}, {"title": "Eurovision: United Kingdom's hopes rest on James Newman", "description": "Can the Settle-born singer take home the coveted glass microphone trophy from Rotterdam?", "link": "https://www.bbc.co.uk/news/entertainment-arts-57198762", "guid": {"@isPermaLink": "true", "#text": "https://www.bbc.co.uk/news/entertainment-arts-57198762"}, "pubDate": "Fri, 21 May 2021 23:46:22 GMT"}, {"title": "Diana interview: Lord Hall resigns from National Gallery", "description": "The ex-BBC director general says continuing as National Gallery chairman would be a \"distraction\".", "link": "https://www.bbc.co.uk/news/uk-57212959", "guid": {"@isPermaLink": "true", "#text": "https://www.bbc.co.uk/news/uk-57212959"}, "pubDate": "Sat, 22 May 2021 14:45:35 GMT"}, {"title": "Noel Clarke: Sky and Vertigo scrap Bulletproof", "description": "The British actor and director has been accused of sexual harassment and bullying, which he denies.", "link": "https://www.bbc.co.uk/news/entertainment-arts-57198187", "guid": {"@isPermaLink": "true", "#text": "https://www.bbc.co.uk/news/entertainment-arts-57198187"}, "pubDate": "Fri, 21 May 2021 15:26:32 GMT"}, {"title": "Jeremy Paxman receiving treatment for Parkinson's disease", "description": "The former Newsnight presenter says his symptoms are mild and that he plans to continue working.", "link": "https://www.bbc.co.uk/news/entertainment-arts-57206289", "guid": {"@isPermaLink": "true", "#text": "https://www.bbc.co.uk/news/entertainment-arts-57206289"}, "pubDate": "Fri, 21 May 2021 15:38:47 GMT"}, {"title": "Friends reunion to air in UK and Ireland on Sky", "description": "The long-awaited follow-up to the popular US sitcom will feature all six of its original stars.", "link": "https://www.bbc.co.uk/news/entertainment-arts-57206349", "guid": {"@isPermaLink": "true", "#text": "https://www.bbc.co.uk/news/entertainment-arts-57206349"}, "pubDate": "Fri, 21 May 2021 15:49:30 GMT"}, {"title": "Behind the scenes of Glastonbury's live-stream concert", "description": "The five-hour show stars Jorja Smith, Coldplay and Haim - all playing to a deserted Worthy Farm.", "link": "https://www.bbc.co.uk/news/entertainment-arts-57204585", "guid": {"@isPermaLink": "true", "#text": "https://www.bbc.co.uk/news/entertainment-arts-57204585"}, "pubDate": "Fri, 21 May 2021 23:53:07 GMT"}, {"title": "Lady Gaga had a 'psychotic break' after sexual assault left her pregnant", "description": "The star says she had a \"psychotic break\" after being attacked by a male record producer.", "link": "https://www.bbc.co.uk/news/entertainment-arts-57199018", "guid": {"@isPermaLink": "true", "#text": "https://www.bbc.co.uk/news/entertainment-arts-57199018"}, "pubDate": "Fri, 21 May 2021 09:05:45 GMT"}, {"title": "Little Mix star Jesy Nelson signs solo record deal", "description": "The singer joins Polydor Records five months after quitting Little Mix, with an album due this year.", "link": "https://www.bbc.co.uk/news/entertainment-arts-57204589", "guid": {"@isPermaLink": "true", "#text": "https://www.bbc.co.uk/news/entertainment-arts-57204589"}, "pubDate": "Fri, 21 May 2021 13:52:31 GMT"}, {"title": "Eurovision: Iceland through to final despite Covid-enforced absence", "description": "Da\u00f0i og Gagnamagni\u00f0 were unable to perform live at Thursday's semi-final but progressed regardless.", "link": "https://www.bbc.co.uk/news/entertainment-arts-57198756", "guid": {"@isPermaLink": "true", "#text": "https://www.bbc.co.uk/news/entertainment-arts-57198756"}, "pubDate": "Fri, 21 May 2021 09:00:45 GMT"}, {"title": "Oti Mabuse and Arlene Phillips to stage Cher musical", "description": "The Strictly dancer and ex-judge will stage the musical, which has already been a hit on Broadway.", "link": "https://www.bbc.co.uk/news/entertainment-arts-57188486", "guid": {"@isPermaLink": "true", "#text": "https://www.bbc.co.uk/news/entertainment-arts-57188486"}, "pubDate": "Fri, 21 May 2021 06:22:34 GMT"}, {"title": "Banksy: Hula-hooping girl goes on display in Suffolk museum", "description": "The mural taken from a wall in Nottingham is on show 100 miles away in Suffolk.", "link": "https://www.bbc.co.uk/news/uk-england-suffolk-57199266", "guid": {"@isPermaLink": "true", "#text": "https://www.bbc.co.uk/news/uk-england-suffolk-57199266"}, "pubDate": "Fri, 21 May 2021 11:37:28 GMT"}, {"title": "A Japanese composer, a Burkina Faso story-teller and a Congolese rapper make an opera", "description": "Japanese composer Keiko Fujiie and Burkina Faso griot Maboudou Sanou helm an ambitious new opera.", "link": "https://www.bbc.co.uk/news/world-africa-57145383", "guid": {"@isPermaLink": "true", "#text": "https://www.bbc.co.uk/news/world-africa-57145383"}, "pubDate": "Sat, 22 May 2021 00:40:23 GMT"}, {"title": "Can TIX and his Tourette's win Eurovision for Norway?", "description": "Norway's Eurovision entry has come to this years competition with more than music on the agenda.", "link": "https://www.bbc.co.uk/news/disability-57187712", "guid": {"@isPermaLink": "true", "#text": "https://www.bbc.co.uk/news/disability-57187712"}, "pubDate": "Thu, 20 May 2021 23:48:48 GMT"}, {"title": "NFTs: Are they the future of the music industry?", "description": "Non-fungible tokens have set the music industry abuzz - but are these digital assets set to last?", "link": "https://www.bbc.co.uk/news/entertainment-arts-57164487", "guid": {"@isPermaLink": "true", "#text": "https://www.bbc.co.uk/news/entertainment-arts-57164487"}, "pubDate": "Thu, 20 May 2021 13:37:03 GMT"}, {"title": "Friends: 7 things the trailer reveals about the reunion", "description": "Including guest stars, emotional moments, set visits, table reads and Phoebe's singing.", "link": "https://www.bbc.co.uk/news/world-us-canada-57182743", "guid": {"@isPermaLink": "true", "#text": "https://www.bbc.co.uk/news/world-us-canada-57182743"}, "pubDate": "Thu, 20 May 2021 10:40:50 GMT"}, {"title": "Dragons' Den: Why new Dragon Steven Bartlett won\u2019t be wearing a suit", "description": "Steven Bartlett is joining Dragons' Den but wants to do things his own way.", "link": "https://www.bbc.co.uk/news/newsbeat-57179015", "guid": {"@isPermaLink": "true", "#text": "https://www.bbc.co.uk/news/newsbeat-57179015"}, "pubDate": "Thu, 20 May 2021 11:29:21 GMT"}, {"title": "Over 3,000 fans will attend the final of this year's Eurovision Song Contest", "description": "After being cancelled and replaced by an online 'event' last year, the competition is back on and welcoming over 3,000 fans to the live show.", "link": "https://www.bbc.co.uk/news/entertainment-arts-57203121", "guid": {"@isPermaLink": "true", "#text": "https://www.bbc.co.uk/news/entertainment-arts-57203121"}, "pubDate": "Fri, 21 May 2021 23:03:40 GMT"}, {"title": "Five decades of Eurovision songs... from memory", "description": "The BBC's Steve Rosenberg returns to delight you with his piano renditions and encyclopaedic knowledge of the Eurovision Song Contest.", "link": "https://www.bbc.co.uk/news/world-middle-east-57206431", "guid": {"@isPermaLink": "true", "#text": "https://www.bbc.co.uk/news/world-middle-east-57206431"}, "pubDate": "Fri, 21 May 2021 21:18:45 GMT"}, {"title": "The beauty YouTuber who's hosting Eurovision", "description": "Nikkie de Jager is Eurovision's first transgender host, telling Newsbeat it's \"a dream come true\".", "link": "https://www.bbc.co.uk/news/newsbeat-57200423", "guid": {"@isPermaLink": "true", "#text": "https://www.bbc.co.uk/news/newsbeat-57200423"}, "pubDate": "Fri, 21 May 2021 09:19:59 GMT"}, {"title": "Martin Bashir: Ex-BBC News boss 'didn't know' Bashir forged statements", "description": "The former director of news did not answer whether Lord Hall, BBC director general at the time, sanctioned re-hiring Martin Bashir.", "link": "https://www.bbc.co.uk/news/uk-57206430", "guid": {"@isPermaLink": "true", "#text": "https://www.bbc.co.uk/news/uk-57206430"}, "pubDate": "Fri, 21 May 2021 15:42:38 GMT"}, {"title": "Dave Bautista swaps Guardians of the Galaxy for wrestling zombies", "description": "Dave Bautista, of Guardians of the Galaxy and WWE fame, leads the charge against a city of zombies in his latest movie", "link": "https://www.bbc.co.uk/news/entertainment-arts-57195216", "guid": {"@isPermaLink": "true", "#text": "https://www.bbc.co.uk/news/entertainment-arts-57195216"}, "pubDate": "Fri, 21 May 2021 15:03:36 GMT"}, {"title": "The first major Hollywood premiere since Covid", "description": "Emma Stone takes to the red carpet for Disney's Cruella, after more than a year of Covid restrictions.", "link": "https://www.bbc.co.uk/news/entertainment-arts-57173127", "guid": {"@isPermaLink": "true", "#text": "https://www.bbc.co.uk/news/entertainment-arts-57173127"}, "pubDate": "Wed, 19 May 2021 16:05:10 GMT"}]